QID	title	coordinates	countryOriginLabel	genreLabel	pubDate	long	lat
Q20657314	Me Before You	Point(-98.5795 39.828175)	United States	romantic fiction	2016-06-24	-98.5795	39.828175
Q2344707	The Crying of Lot 49	Point(-98.5795 39.828175)	United States	science fiction	1966-01-01	-98.5795	39.828175
Q2344707	The Crying of Lot 49	Point(-98.5795 39.828175)	United States	secret history	1966-01-01	-98.5795	39.828175
Q2344707	The Crying of Lot 49	Point(-98.5795 39.828175)	United States	metafiction	1966-01-01	-98.5795	39.828175
Q2344707	The Crying of Lot 49	Point(-98.5795 39.828175)	United States	paranoid fiction	1966-01-01	-98.5795	39.828175
Q2344707	The Crying of Lot 49	Point(-98.5795 39.828175)	United States	postmodern fiction	1966-01-01	-98.5795	39.828175
Q1723053	Saturday	Point(-2.0 54.6)	United Kingdom		2005-01-01	-2.0	54.6
Q7742392	The Intuitionist	Point(-98.5795 39.828175)	United States	fantasy	1999-01-01	-98.5795	39.828175
Q7742392	The Intuitionist	Point(-98.5795 39.828175)	United States	science fiction	1999-01-01	-98.5795	39.828175
Q752584	Mrs. Dalloway	Point(-2.0 54.6)	United Kingdom	modernist literature	1925-05-14	-2.0	54.6
Q464928	In Search of Lost Time	Point(2.0 47.0)	France	modernist literature	1913-01-01	2.0	47.0
Q464928	In Search of Lost Time	Point(2.0 47.0)	France	modernist literature	1927-01-01	2.0	47.0
Q313129	Middlemarch	Point(-0.1275 51.507222222)	United Kingdom of Great Britain and Ireland	realist novel	1871-01-01	-0.1275	51.507222222
Q625923	Turn of the Screw	Point(-2.0 54.6)	United Kingdom	horror fiction	1898-01-01	-2.0	54.6
Q625923	Turn of the Screw	Point(-2.0 54.6)	United Kingdom	Gothic fiction	1898-01-01	-2.0	54.6
Q625923	Turn of the Screw	Point(-2.0 54.6)	United Kingdom	ghost story	1898-01-01	-2.0	54.6
Q625923	Turn of the Screw	Point(-2.0 54.6)	United Kingdom	fantasy	1898-01-01	-2.0	54.6
Q465395	The Black Cat	Point(-74.006111111 40.712777777)	New York City	horror fiction	1843-01-01	-74.006111111	40.712777777
Q465395	The Black Cat	Point(-74.006111111 40.712777777)	New York City	horror fiction	1822-08-19	-74.006111111	40.712777777
Q183513	Buffy the Vampire Slayer	Point(-98.5795 39.828175)	United States	youth series		-98.5795	39.828175
Q183513	Buffy the Vampire Slayer	Point(-98.5795 39.828175)	United States	drama television series		-98.5795	39.828175
Q183513	Buffy the Vampire Slayer	Point(-98.5795 39.828175)	United States	werewolf television program		-98.5795	39.828175
Q183513	Buffy the Vampire Slayer	Point(-98.5795 39.828175)	United States	vampire television program		-98.5795	39.828175
Q183513	Buffy the Vampire Slayer	Point(-98.5795 39.828175)	United States	LGBT-related television series		-98.5795	39.828175
Q183513	Buffy the Vampire Slayer	Point(-98.5795 39.828175)	United States	paranormal television program		-98.5795	39.828175
Q183513	Buffy the Vampire Slayer	Point(-98.5795 39.828175)	United States	fantasy television series		-98.5795	39.828175
Q183513	Buffy the Vampire Slayer	Point(-98.5795 39.828175)	United States	horror television series		-98.5795	39.828175
Q209170	Mary Poppins	Point(-98.5795 39.828175)	United States	fantasy film	1964-08-27	-98.5795	39.828175
Q209170	Mary Poppins	Point(-98.5795 39.828175)	United States	fantasy film	1964-10-01	-98.5795	39.828175
Q209170	Mary Poppins	Point(-98.5795 39.828175)	United States	comedy film	1964-08-27	-98.5795	39.828175
Q209170	Mary Poppins	Point(-98.5795 39.828175)	United States	comedy film	1964-10-01	-98.5795	39.828175
Q209170	Mary Poppins	Point(-98.5795 39.828175)	United States	film based on a novel	1964-08-27	-98.5795	39.828175
Q209170	Mary Poppins	Point(-98.5795 39.828175)	United States	film based on a novel	1964-10-01	-98.5795	39.828175
Q209170	Mary Poppins	Point(-98.5795 39.828175)	United States	family film	1965-08-23	-98.5795	39.828175
Q209170	Mary Poppins	Point(-98.5795 39.828175)	United States	live-action animated film	1965-08-23	-98.5795	39.828175
Q209170	Mary Poppins	Point(-98.5795 39.828175)	United States	musical film	1965-08-23	-98.5795	39.828175
Q209170	Mary Poppins	Point(-98.5795 39.828175)	United States	family film	1964-08-27	-98.5795	39.828175
Q209170	Mary Poppins	Point(-98.5795 39.828175)	United States	family film	1964-10-01	-98.5795	39.828175
Q209170	Mary Poppins	Point(-98.5795 39.828175)	United States	live-action animated film	1964-08-27	-98.5795	39.828175
Q209170	Mary Poppins	Point(-98.5795 39.828175)	United States	live-action animated film	1964-10-01	-98.5795	39.828175
Q209170	Mary Poppins	Point(-98.5795 39.828175)	United States	fantasy film	1965-08-23	-98.5795	39.828175
Q209170	Mary Poppins	Point(-98.5795 39.828175)	United States	comedy film	1965-08-23	-98.5795	39.828175
Q209170	Mary Poppins	Point(-98.5795 39.828175)	United States	musical film	1964-08-27	-98.5795	39.828175
Q209170	Mary Poppins	Point(-98.5795 39.828175)	United States	musical film	1964-10-01	-98.5795	39.828175
Q209170	Mary Poppins	Point(-98.5795 39.828175)	United States	family film	1965-10-22	-98.5795	39.828175
Q209170	Mary Poppins	Point(-98.5795 39.828175)	United States	live-action animated film	1965-10-22	-98.5795	39.828175
Q209170	Mary Poppins	Point(-98.5795 39.828175)	United States	musical film	1965-10-22	-98.5795	39.828175
Q209170	Mary Poppins	Point(-98.5795 39.828175)	United States	fantasy film	1965-10-22	-98.5795	39.828175
Q209170	Mary Poppins	Point(-98.5795 39.828175)	United States	comedy film	1965-10-22	-98.5795	39.828175
Q209170	Mary Poppins	Point(-98.5795 39.828175)	United States	film based on a novel	1965-08-23	-98.5795	39.828175
Q209170	Mary Poppins	Point(-98.5795 39.828175)	United States	film based on a novel	1965-10-22	-98.5795	39.828175
Q887192	Horse Feathers	Point(-98.5795 39.828175)	United States	comedy film	1932-01-01	-98.5795	39.828175
Q887192	Horse Feathers	Point(-98.5795 39.828175)	United States	American football film	1932-01-01	-98.5795	39.828175
Q887192	Horse Feathers	Point(-98.5795 39.828175)	United States	parody film	1932-01-01	-98.5795	39.828175
Q798227	The Sandman	Point(10.0 51.0)	Germany	horror literature	1817-01-01	10.0	51.0
Q798227	The Sandman	Point(14.0 53.0)	Kingdom of Prussia	high literature	1817-01-01	14.0	53.0
Q798227	The Sandman	Point(10.0 51.0)	Germany	high literature	1817-01-01	10.0	51.0
Q798227	The Sandman	Point(14.0 53.0)	Kingdom of Prussia	horror literature	1817-01-01	14.0	53.0
Q16155320	Broad City	Point(-98.5795 39.828175)	United States	LGBT-related television series		-98.5795	39.828175
Q16155320	Broad City	Point(-98.5795 39.828175)	United States	American television sitcom		-98.5795	39.828175
Q19863017	Crazy Ex-Girlfriend	Point(-98.5795 39.828175)	United States	LGBT-related television series		-98.5795	39.828175
Q19863017	Crazy Ex-Girlfriend	Point(-98.5795 39.828175)	United States	romantic comedy		-98.5795	39.828175
Q19863017	Crazy Ex-Girlfriend	Point(-98.5795 39.828175)	United States	comedy drama		-98.5795	39.828175
Q19863017	Crazy Ex-Girlfriend	Point(-98.5795 39.828175)	United States	musical		-98.5795	39.828175
Q966191	Miranda	Point(-2.0 54.6)	United Kingdom	sitcom		-2.0	54.6
Q189350	30 Rock	Point(-98.5795 39.828175)	United States	sitcom		-98.5795	39.828175
Q189350	30 Rock	Point(-98.5795 39.828175)	United States	satirical film or television program		-98.5795	39.828175
Q480	Don Quixote	Point(-3.5 40.2)	Spain	parody		-3.5	40.2
Q480	Don Quixote	Point(-3.5 40.2)	Spain	adventure fiction		-3.5	40.2
Q480	Don Quixote	Point(-3.5 40.2)	Spain	chivalric romance		-3.5	40.2
Q480	Don Quixote	Point(-3.5 40.2)	Spain	found manuscript		-3.5	40.2
Q480	Don Quixote	Point(-3.5 40.2)	Spain	adventure fiction		-3.5	40.2
Q480	Don Quixote	Point(-3.5 40.2)	Spain	parody		-3.5	40.2
Q480	Don Quixote	Point(-3.5 40.2)	Spain	chivalric romance		-3.5	40.2
Q480	Don Quixote	Point(-3.5 40.2)	Spain	found manuscript		-3.5	40.2
Q957323	Blazing Saddles	Point(-98.5795 39.828175)	United States	comedy film	1974-01-01	-98.5795	39.828175
Q957323	Blazing Saddles	Point(-98.5795 39.828175)	United States	comedy film	1974-02-07	-98.5795	39.828175
Q957323	Blazing Saddles	Point(-98.5795 39.828175)	United States	Western film	1974-01-01	-98.5795	39.828175
Q957323	Blazing Saddles	Point(-98.5795 39.828175)	United States	Western film	1974-02-07	-98.5795	39.828175
Q957323	Blazing Saddles	Point(-98.5795 39.828175)	United States	comedy film	1974-12-20	-98.5795	39.828175
Q957323	Blazing Saddles	Point(-98.5795 39.828175)	United States	Western film	1974-12-20	-98.5795	39.828175
Q181943	I Love Lucy	Point(-98.5795 39.828175)	United States	sitcom		-98.5795	39.828175
Q181943	I Love Lucy	Point(-98.5795 39.828175)	United States	comedy television series		-98.5795	39.828175
Q181943	I Love Lucy	Point(-98.5795 39.828175)	United States	American television sitcom		-98.5795	39.828175
Q181488	Gulliver's Travels	Point(-2.0 54.6)	United Kingdom	dystopian fiction	1726-10-28	-2.0	54.6
Q181488	Gulliver's Travels	Point(-2.0 54.6)	United Kingdom	fantasy	1726-10-28	-2.0	54.6
Q181488	Gulliver's Travels	Point(-2.0 54.6)	United Kingdom	satire	1726-10-28	-2.0	54.6
Q57270	Bioshock	Point(-98.5795 39.828175)	United States	first-person shooter	2007-08-21	-98.5795	39.828175
Q57270	Bioshock	Point(-98.5795 39.828175)	United States	science fiction video game	2007-08-21	-98.5795	39.828175
Q57270	Bioshock	Point(133.0 -25.0)	Australia	video game with LGBT character	2007-08-21	133.0	-25.0
Q57270	Bioshock	Point(133.0 -25.0)	Australia	first-person shooter	2007-08-21	133.0	-25.0
Q57270	Bioshock	Point(-98.5795 39.828175)	United States	video game with LGBT character	2007-08-21	-98.5795	39.828175
Q57270	Bioshock	Point(133.0 -25.0)	Australia	science fiction video game	2007-08-21	133.0	-25.0
Q7737904	The Great Railway Bazaar: By Train Through Asia	Point(-98.5795 39.828175)	United States	travel literature	1975-01-01	-98.5795	39.828175
Q2008211	The Left Hand of Darkness	Point(-98.5795 39.828175)	United States	feminist science fiction	1969-03-01	-98.5795	39.828175
Q2008211	The Left Hand of Darkness	Point(-98.5795 39.828175)	United States	science fiction	1969-03-01	-98.5795	39.828175
Q2008211	The Left Hand of Darkness	Point(-98.5795 39.828175)	United States	gay literature	1969-03-01	-98.5795	39.828175
Q2743569	An Apology for the Life of Mrs. Shamela Andrews	Point(-1.0 53.0)	England	epistolary novel	1741-01-01	-1.0	53.0
Q2743569	An Apology for the Life of Mrs. Shamela Andrews	Point(-1.0 53.0)	England	parody	1741-01-01	-1.0	53.0
Q248096	Tom Jones	Point(-1.0 53.0)	England	bildungsroman	1749-01-01	-1.0	53.0
Q248096	Tom Jones	Point(-1.0 53.0)	England	picaresque novel	1749-01-01	-1.0	53.0
Q1233830	New Atlantis	Point(-2.0 54.6)	United Kingdom	science fiction		-2.0	54.6
Q1233830	New Atlantis	Point(-2.0 54.6)	United Kingdom	philosophical fiction		-2.0	54.6
Q1233830	New Atlantis	Point(-2.0 54.6)	United Kingdom	fantasy		-2.0	54.6
Q1233830	New Atlantis	Point(-2.0 54.6)	United Kingdom	utopian fiction		-2.0	54.6
Q3163506	I Know Why the Caged Bird Sings	Point(-98.5795 39.828175)	United States	autobiography	1969-01-01	-98.5795	39.828175
Q3163506	I Know Why the Caged Bird Sings	Point(-98.5795 39.828175)	United States	autobiographical novel	1969-01-01	-98.5795	39.828175
Q963743	The Wisdom of Ptahhotep	Point(31.3 29.8)	Ancient Egypt	wisdom literature		31.3	29.8
Q963743	The Wisdom of Ptahhotep	Point(31.3 29.8)	Ancient Egypt	didactic literature		31.3	29.8
Q1207595	Confessions	Point(2.0 47.0)	France	autobiography	1782-01-01	2.0	47.0
Q1207595	Confessions	Point(2.0 47.0)	France	treatise	1782-01-01	2.0	47.0
Q480	Don Quixote	Point(-3.5 40.2)	Spain	parody		-3.5	40.2
Q480	Don Quixote	Point(-3.5 40.2)	Spain	adventure fiction		-3.5	40.2
Q480	Don Quixote	Point(-3.5 40.2)	Spain	chivalric romance		-3.5	40.2
Q480	Don Quixote	Point(-3.5 40.2)	Spain	found manuscript		-3.5	40.2
Q480	Don Quixote	Point(-3.5 40.2)	Spain	adventure fiction		-3.5	40.2
Q480	Don Quixote	Point(-3.5 40.2)	Spain	parody		-3.5	40.2
Q480	Don Quixote	Point(-3.5 40.2)	Spain	chivalric romance		-3.5	40.2
Q480	Don Quixote	Point(-3.5 40.2)	Spain	found manuscript		-3.5	40.2
Q189350	30 Rock	Point(-98.5795 39.828175)	United States	sitcom		-98.5795	39.828175
Q189350	30 Rock	Point(-98.5795 39.828175)	United States	satirical film or television program		-98.5795	39.828175
Q3107329	The Hitchhiker's Guide to the Galaxy	Point(-2.0 54.6)	United Kingdom	comic novel	1979-10-12	-2.0	54.6
Q3107329	The Hitchhiker's Guide to the Galaxy	Point(-2.0 54.6)	United Kingdom	science fiction comedy	1979-10-12	-2.0	54.6
Q3107329	The Hitchhiker's Guide to the Galaxy	Point(-2.0 54.6)	United Kingdom	science fiction novel	1979-10-12	-2.0	54.6
Q1396889	Animal Farm	Point(-1.0 53.0)	England	dystopian fiction	1945-08-17	-1.0	53.0
Q1396889	Animal Farm	Point(-1.0 53.0)	England	satirical fiction	1945-08-17	-1.0	53.0
Q1396889	Animal Farm	Point(-1.0 53.0)	England	fable	1945-08-17	-1.0	53.0
Q1396889	Animal Farm	Point(-1.0 53.0)	England	roman à clef	1945-08-17	-1.0	53.0
Q1077445	Infinite Jest	Point(-98.5795 39.828175)	United States	hysterical realism	1996-02-01	-98.5795	39.828175
Q1077445	Infinite Jest	Point(-98.5795 39.828175)	United States	postmodern literature	1996-02-01	-98.5795	39.828175
Q1077445	Infinite Jest	Point(-98.5795 39.828175)	United States	science fiction	1996-02-01	-98.5795	39.828175
Q1107000	Babbitt	Point(-98.5795 39.828175)	United States	satire	1922-01-01	-98.5795	39.828175
Q181488	Gulliver's Travels	Point(-2.0 54.6)	United Kingdom	dystopian fiction	1726-10-28	-2.0	54.6
Q181488	Gulliver's Travels	Point(-2.0 54.6)	United Kingdom	fantasy	1726-10-28	-2.0	54.6
Q181488	Gulliver's Travels	Point(-2.0 54.6)	United Kingdom	satire	1726-10-28	-2.0	54.6
Q16154159	Americanah	Point(8.0 9.0)	Nigeria	historical fiction	2013-05-14	8.0	9.0
Q132689	Casablanca	Point(-98.5795 39.828175)	United States	drama film	1943-01-23	-98.5795	39.828175
Q132689	Casablanca	Point(-98.5795 39.828175)	United States	flashback film	1943-10-11	-98.5795	39.828175
Q132689	Casablanca	Point(-98.5795 39.828175)	United States	romance film	1942-11-26	-98.5795	39.828175
Q132689	Casablanca	Point(-98.5795 39.828175)	United States	war film	1943-10-11	-98.5795	39.828175
Q132689	Casablanca	Point(-98.5795 39.828175)	United States	film noir	1943-10-11	-98.5795	39.828175
Q132689	Casablanca	Point(-98.5795 39.828175)	United States	romance film	1942-01-01	-98.5795	39.828175
Q132689	Casablanca	Point(-98.5795 39.828175)	United States	flashback film	1942-11-26	-98.5795	39.828175
Q132689	Casablanca	Point(-98.5795 39.828175)	United States	war film	1942-11-26	-98.5795	39.828175
Q132689	Casablanca	Point(-98.5795 39.828175)	United States	film noir	1942-11-26	-98.5795	39.828175
Q132689	Casablanca	Point(-98.5795 39.828175)	United States	romance film	1943-01-23	-98.5795	39.828175
Q132689	Casablanca	Point(-98.5795 39.828175)	United States	flashback film	1942-01-01	-98.5795	39.828175
Q132689	Casablanca	Point(-98.5795 39.828175)	United States	war film	1942-01-01	-98.5795	39.828175
Q132689	Casablanca	Point(-98.5795 39.828175)	United States	film noir	1942-01-01	-98.5795	39.828175
Q132689	Casablanca	Point(-98.5795 39.828175)	United States	flashback film	1943-01-23	-98.5795	39.828175
Q132689	Casablanca	Point(-98.5795 39.828175)	United States	war film	1943-01-23	-98.5795	39.828175
Q132689	Casablanca	Point(-98.5795 39.828175)	United States	film noir	1943-01-23	-98.5795	39.828175
Q132689	Casablanca	Point(-98.5795 39.828175)	United States	drama film	1943-10-11	-98.5795	39.828175
Q132689	Casablanca	Point(-98.5795 39.828175)	United States	drama film	1942-11-26	-98.5795	39.828175
Q132689	Casablanca	Point(-98.5795 39.828175)	United States	romance film	1943-10-11	-98.5795	39.828175
Q132689	Casablanca	Point(-98.5795 39.828175)	United States	drama film	1942-01-01	-98.5795	39.828175
Q8265	Dream of the Red Chamber	Point(103.0 38.0)	Qing dynasty	family saga	1868-01-01	103.0	38.0
Q8265	Dream of the Red Chamber	Point(103.0 38.0)	Qing dynasty	family saga	1800-01-01	103.0	38.0
Q8265	Dream of the Red Chamber	Point(103.0 38.0)	Qing dynasty	family saga	1792-01-01	103.0	38.0
Q8265	Dream of the Red Chamber	Point(103.0 38.0)	Qing dynasty	xiaoshuo	1868-01-01	103.0	38.0
Q8265	Dream of the Red Chamber	Point(103.0 38.0)	Qing dynasty	xiaoshuo	1800-01-01	103.0	38.0
Q8265	Dream of the Red Chamber	Point(103.0 38.0)	Qing dynasty	zhanghui novel	1868-01-01	103.0	38.0
Q8265	Dream of the Red Chamber	Point(103.0 38.0)	Qing dynasty	zhanghui novel	1800-01-01	103.0	38.0
Q8265	Dream of the Red Chamber	Point(103.0 38.0)	Qing dynasty	xiaoshuo	1792-01-01	103.0	38.0
Q8265	Dream of the Red Chamber	Point(103.0 38.0)	Qing dynasty	zhanghui novel	1792-01-01	103.0	38.0
Q40205	Cloud Atlas	Point(-2.0 54.6)	United Kingdom	post-apocalyptic fiction	2004-03-01	-2.0	54.6
Q40205	Cloud Atlas	Point(-2.0 54.6)	United Kingdom	science fiction	2004-03-01	-2.0	54.6
Q40205	Cloud Atlas	Point(-2.0 54.6)	United Kingdom	epistolary novel	2004-03-01	-2.0	54.6
Q40205	Cloud Atlas	Point(-2.0 54.6)	United Kingdom	fantasy	2004-03-01	-2.0	54.6
Q732022	Mr. Nobody	Point(10.0 51.0)	Germany	fantasy film	2010-08-26	10.0	51.0
Q732022	Mr. Nobody	Point(2.0 47.0)	France	science fiction film	2010-08-26	2.0	47.0
Q732022	Mr. Nobody	Point(2.0 47.0)	France	romance film	2010-07-16	2.0	47.0
Q732022	Mr. Nobody	Point(-109.0 56.0)	Canada	drama film	2010-08-26	-109.0	56.0
Q732022	Mr. Nobody	Point(10.0 51.0)	Germany	comedy film	2010-08-26	10.0	51.0
Q732022	Mr. Nobody	Point(4.668055555 50.641111111)	Belgium	science fiction film	2010-07-16	4.668055555	50.641111111
Q732022	Mr. Nobody	Point(10.0 51.0)	Germany	arthouse science fiction film	2010-08-26	10.0	51.0
Q732022	Mr. Nobody	Point(4.668055555 50.641111111)	Belgium	fantasy film	2010-08-26	4.668055555	50.641111111
Q732022	Mr. Nobody	Point(10.0 51.0)	Germany	romance film	2010-08-26	10.0	51.0
Q732022	Mr. Nobody	Point(4.668055555 50.641111111)	Belgium	comedy film	2010-08-26	4.668055555	50.641111111
Q732022	Mr. Nobody	Point(4.668055555 50.641111111)	Belgium	arthouse science fiction film	2010-08-26	4.668055555	50.641111111
Q732022	Mr. Nobody	Point(-109.0 56.0)	Canada	science fiction film	2010-07-16	-109.0	56.0
Q732022	Mr. Nobody	Point(4.668055555 50.641111111)	Belgium	romance film	2010-08-26	4.668055555	50.641111111
Q732022	Mr. Nobody	Point(-109.0 56.0)	Canada	fantasy film	2010-08-26	-109.0	56.0
Q732022	Mr. Nobody	Point(-109.0 56.0)	Canada	comedy film	2010-08-26	-109.0	56.0
Q732022	Mr. Nobody	Point(2.0 47.0)	France	drama film	2010-08-26	2.0	47.0
Q732022	Mr. Nobody	Point(-109.0 56.0)	Canada	arthouse science fiction film	2010-08-26	-109.0	56.0
Q732022	Mr. Nobody	Point(-109.0 56.0)	Canada	romance film	2010-08-26	-109.0	56.0
Q732022	Mr. Nobody	Point(10.0 51.0)	Germany	fantasy film	2010-07-16	10.0	51.0
Q732022	Mr. Nobody	Point(2.0 47.0)	France	science fiction film	2010-07-16	2.0	47.0
Q732022	Mr. Nobody	Point(10.0 51.0)	Germany	comedy film	2010-07-16	10.0	51.0
Q732022	Mr. Nobody	Point(2.0 47.0)	France	fantasy film	2010-08-26	2.0	47.0
Q732022	Mr. Nobody	Point(10.0 51.0)	Germany	arthouse science fiction film	2010-07-16	10.0	51.0
Q732022	Mr. Nobody	Point(2.0 47.0)	France	comedy film	2010-08-26	2.0	47.0
Q732022	Mr. Nobody	Point(10.0 51.0)	Germany	science fiction film	2010-08-26	10.0	51.0
Q732022	Mr. Nobody	Point(10.0 51.0)	Germany	romance film	2010-07-16	10.0	51.0
Q732022	Mr. Nobody	Point(2.0 47.0)	France	arthouse science fiction film	2010-08-26	2.0	47.0
Q732022	Mr. Nobody	Point(4.668055555 50.641111111)	Belgium	comedy film	2010-07-16	4.668055555	50.641111111
Q732022	Mr. Nobody	Point(2.0 47.0)	France	romance film	2010-08-26	2.0	47.0
Q732022	Mr. Nobody	Point(4.668055555 50.641111111)	Belgium	arthouse science fiction film	2010-07-16	4.668055555	50.641111111
Q732022	Mr. Nobody	Point(4.668055555 50.641111111)	Belgium	science fiction film	2010-08-26	4.668055555	50.641111111
Q732022	Mr. Nobody	Point(4.668055555 50.641111111)	Belgium	romance film	2010-07-16	4.668055555	50.641111111
Q732022	Mr. Nobody	Point(-109.0 56.0)	Canada	comedy film	2010-07-16	-109.0	56.0
Q732022	Mr. Nobody	Point(-109.0 56.0)	Canada	arthouse science fiction film	2010-07-16	-109.0	56.0
Q732022	Mr. Nobody	Point(-109.0 56.0)	Canada	science fiction film	2010-08-26	-109.0	56.0
Q732022	Mr. Nobody	Point(-109.0 56.0)	Canada	romance film	2010-07-16	-109.0	56.0
Q732022	Mr. Nobody	Point(10.0 51.0)	Germany	drama film	2010-08-26	10.0	51.0
Q732022	Mr. Nobody	Point(2.0 47.0)	France	fantasy film	2010-07-16	2.0	47.0
Q732022	Mr. Nobody	Point(4.668055555 50.641111111)	Belgium	drama film	2010-08-26	4.668055555	50.641111111
Q732022	Mr. Nobody	Point(2.0 47.0)	France	comedy film	2010-07-16	2.0	47.0
Q732022	Mr. Nobody	Point(10.0 51.0)	Germany	science fiction film	2010-07-16	10.0	51.0
Q732022	Mr. Nobody	Point(2.0 47.0)	France	arthouse science fiction film	2010-07-16	2.0	47.0
Q732022	Mr. Nobody	Point(2.0 47.0)	France	arthouse science fiction film	2009-09-12	2.0	47.0
Q732022	Mr. Nobody	Point(2.0 47.0)	France	romance film	2009-09-12	2.0	47.0
Q732022	Mr. Nobody	Point(4.668055555 50.641111111)	Belgium	drama film	2010-01-13	4.668055555	50.641111111
Q732022	Mr. Nobody	Point(4.668055555 50.641111111)	Belgium	science fiction film	2009-09-12	4.668055555	50.641111111
Q732022	Mr. Nobody	Point(2.0 47.0)	France	fantasy film	2010-07-08	2.0	47.0
Q732022	Mr. Nobody	Point(2.0 47.0)	France	comedy film	2010-07-08	2.0	47.0
Q732022	Mr. Nobody	Point(10.0 51.0)	Germany	fantasy film	2010-01-13	10.0	51.0
Q732022	Mr. Nobody	Point(10.0 51.0)	Germany	science fiction film	2010-07-08	10.0	51.0
Q732022	Mr. Nobody	Point(2.0 47.0)	France	science fiction film	2010-01-13	2.0	47.0
Q732022	Mr. Nobody	Point(2.0 47.0)	France	arthouse science fiction film	2010-07-08	2.0	47.0
Q732022	Mr. Nobody	Point(-109.0 56.0)	Canada	drama film	2010-01-13	-109.0	56.0
Q732022	Mr. Nobody	Point(10.0 51.0)	Germany	comedy film	2010-01-13	10.0	51.0
Q732022	Mr. Nobody	Point(-109.0 56.0)	Canada	science fiction film	2009-09-12	-109.0	56.0
Q732022	Mr. Nobody	Point(10.0 51.0)	Germany	arthouse science fiction film	2010-01-13	10.0	51.0
Q732022	Mr. Nobody	Point(2.0 47.0)	France	romance film	2010-07-08	2.0	47.0
Q732022	Mr. Nobody	Point(10.0 51.0)	Germany	drama film	2010-07-16	10.0	51.0
Q732022	Mr. Nobody	Point(10.0 51.0)	Germany	drama film	2009-09-12	10.0	51.0
Q732022	Mr. Nobody	Point(4.668055555 50.641111111)	Belgium	fantasy film	2010-01-13	4.668055555	50.641111111
Q732022	Mr. Nobody	Point(4.668055555 50.641111111)	Belgium	science fiction film	2010-07-08	4.668055555	50.641111111
Q732022	Mr. Nobody	Point(10.0 51.0)	Germany	romance film	2010-01-13	10.0	51.0
Q732022	Mr. Nobody	Point(4.668055555 50.641111111)	Belgium	comedy film	2010-01-13	4.668055555	50.641111111
Q732022	Mr. Nobody	Point(4.668055555 50.641111111)	Belgium	arthouse science fiction film	2010-01-13	4.668055555	50.641111111
Q732022	Mr. Nobody	Point(4.668055555 50.641111111)	Belgium	drama film	2010-07-16	4.668055555	50.641111111
Q732022	Mr. Nobody	Point(4.668055555 50.641111111)	Belgium	drama film	2009-09-12	4.668055555	50.641111111
Q732022	Mr. Nobody	Point(4.668055555 50.641111111)	Belgium	romance film	2010-01-13	4.668055555	50.641111111
Q732022	Mr. Nobody	Point(-109.0 56.0)	Canada	fantasy film	2010-01-13	-109.0	56.0
Q732022	Mr. Nobody	Point(-109.0 56.0)	Canada	science fiction film	2010-07-08	-109.0	56.0
Q732022	Mr. Nobody	Point(-109.0 56.0)	Canada	comedy film	2010-01-13	-109.0	56.0
Q732022	Mr. Nobody	Point(10.0 51.0)	Germany	drama film	2010-07-08	10.0	51.0
Q732022	Mr. Nobody	Point(10.0 51.0)	Germany	fantasy film	2009-09-12	10.0	51.0
Q732022	Mr. Nobody	Point(2.0 47.0)	France	drama film	2010-01-13	2.0	47.0
Q732022	Mr. Nobody	Point(2.0 47.0)	France	science fiction film	2009-09-12	2.0	47.0
Q732022	Mr. Nobody	Point(-109.0 56.0)	Canada	arthouse science fiction film	2010-01-13	-109.0	56.0
Q732022	Mr. Nobody	Point(-109.0 56.0)	Canada	drama film	2010-07-16	-109.0	56.0
Q732022	Mr. Nobody	Point(-109.0 56.0)	Canada	drama film	2009-09-12	-109.0	56.0
Q732022	Mr. Nobody	Point(10.0 51.0)	Germany	comedy film	2009-09-12	10.0	51.0
Q732022	Mr. Nobody	Point(-109.0 56.0)	Canada	romance film	2010-01-13	-109.0	56.0
Q732022	Mr. Nobody	Point(10.0 51.0)	Germany	arthouse science fiction film	2009-09-12	10.0	51.0
Q732022	Mr. Nobody	Point(4.668055555 50.641111111)	Belgium	fantasy film	2010-07-16	4.668055555	50.641111111
Q732022	Mr. Nobody	Point(4.668055555 50.641111111)	Belgium	drama film	2010-07-08	4.668055555	50.641111111
Q732022	Mr. Nobody	Point(4.668055555 50.641111111)	Belgium	fantasy film	2009-09-12	4.668055555	50.641111111
Q732022	Mr. Nobody	Point(10.0 51.0)	Germany	romance film	2009-09-12	10.0	51.0
Q732022	Mr. Nobody	Point(4.668055555 50.641111111)	Belgium	comedy film	2009-09-12	4.668055555	50.641111111
Q732022	Mr. Nobody	Point(4.668055555 50.641111111)	Belgium	arthouse science fiction film	2009-09-12	4.668055555	50.641111111
Q732022	Mr. Nobody	Point(10.0 51.0)	Germany	fantasy film	2010-07-08	10.0	51.0
Q732022	Mr. Nobody	Point(2.0 47.0)	France	fantasy film	2010-01-13	2.0	47.0
Q732022	Mr. Nobody	Point(2.0 47.0)	France	science fiction film	2010-07-08	2.0	47.0
Q732022	Mr. Nobody	Point(-109.0 56.0)	Canada	fantasy film	2010-07-16	-109.0	56.0
Q732022	Mr. Nobody	Point(4.668055555 50.641111111)	Belgium	romance film	2009-09-12	4.668055555	50.641111111
Q732022	Mr. Nobody	Point(-109.0 56.0)	Canada	drama film	2010-07-08	-109.0	56.0
Q732022	Mr. Nobody	Point(10.0 51.0)	Germany	comedy film	2010-07-08	10.0	51.0
Q732022	Mr. Nobody	Point(-109.0 56.0)	Canada	fantasy film	2009-09-12	-109.0	56.0
Q732022	Mr. Nobody	Point(2.0 47.0)	France	comedy film	2010-01-13	2.0	47.0
Q732022	Mr. Nobody	Point(10.0 51.0)	Germany	science fiction film	2010-01-13	10.0	51.0
Q732022	Mr. Nobody	Point(10.0 51.0)	Germany	arthouse science fiction film	2010-07-08	10.0	51.0
Q732022	Mr. Nobody	Point(2.0 47.0)	France	arthouse science fiction film	2010-01-13	2.0	47.0
Q732022	Mr. Nobody	Point(2.0 47.0)	France	drama film	2010-07-16	2.0	47.0
Q732022	Mr. Nobody	Point(-109.0 56.0)	Canada	comedy film	2009-09-12	-109.0	56.0
Q732022	Mr. Nobody	Point(4.668055555 50.641111111)	Belgium	fantasy film	2010-07-08	4.668055555	50.641111111
Q732022	Mr. Nobody	Point(2.0 47.0)	France	drama film	2009-09-12	2.0	47.0
Q732022	Mr. Nobody	Point(-109.0 56.0)	Canada	arthouse science fiction film	2009-09-12	-109.0	56.0
Q732022	Mr. Nobody	Point(10.0 51.0)	Germany	romance film	2010-07-08	10.0	51.0
Q732022	Mr. Nobody	Point(2.0 47.0)	France	romance film	2010-01-13	2.0	47.0
Q732022	Mr. Nobody	Point(4.668055555 50.641111111)	Belgium	comedy film	2010-07-08	4.668055555	50.641111111
Q732022	Mr. Nobody	Point(4.668055555 50.641111111)	Belgium	science fiction film	2010-01-13	4.668055555	50.641111111
Q732022	Mr. Nobody	Point(-109.0 56.0)	Canada	romance film	2009-09-12	-109.0	56.0
Q732022	Mr. Nobody	Point(4.668055555 50.641111111)	Belgium	arthouse science fiction film	2010-07-08	4.668055555	50.641111111
Q732022	Mr. Nobody	Point(4.668055555 50.641111111)	Belgium	romance film	2010-07-08	4.668055555	50.641111111
Q732022	Mr. Nobody	Point(-109.0 56.0)	Canada	fantasy film	2010-07-08	-109.0	56.0
Q732022	Mr. Nobody	Point(-109.0 56.0)	Canada	comedy film	2010-07-08	-109.0	56.0
Q732022	Mr. Nobody	Point(-109.0 56.0)	Canada	science fiction film	2010-01-13	-109.0	56.0
Q732022	Mr. Nobody	Point(2.0 47.0)	France	drama film	2010-07-08	2.0	47.0
Q732022	Mr. Nobody	Point(2.0 47.0)	France	fantasy film	2009-09-12	2.0	47.0
Q732022	Mr. Nobody	Point(-109.0 56.0)	Canada	arthouse science fiction film	2010-07-08	-109.0	56.0
Q732022	Mr. Nobody	Point(2.0 47.0)	France	comedy film	2009-09-12	2.0	47.0
Q732022	Mr. Nobody	Point(10.0 51.0)	Germany	drama film	2010-01-13	10.0	51.0
Q732022	Mr. Nobody	Point(10.0 51.0)	Germany	science fiction film	2009-09-12	10.0	51.0
Q732022	Mr. Nobody	Point(-109.0 56.0)	Canada	romance film	2010-07-08	-109.0	56.0
Q222018	Total Recall	Point(-102.0 23.0)	Mexico	cyberpunk	1990-01-01	-102.0	23.0
Q222018	Total Recall	Point(-98.5795 39.828175)	United States	cyberpunk	1990-01-01	-98.5795	39.828175
Q222018	Total Recall	Point(-102.0 23.0)	Mexico	action film	1990-01-01	-102.0	23.0
Q222018	Total Recall	Point(-102.0 23.0)	Mexico	film based on literature	1990-01-01	-102.0	23.0
Q222018	Total Recall	Point(-98.5795 39.828175)	United States	action film	1990-01-01	-98.5795	39.828175
Q222018	Total Recall	Point(-98.5795 39.828175)	United States	film based on literature	1990-01-01	-98.5795	39.828175
Q222018	Total Recall	Point(-102.0 23.0)	Mexico	dystopian film	1990-01-01	-102.0	23.0
Q222018	Total Recall	Point(-102.0 23.0)	Mexico	science fiction film	1990-01-01	-102.0	23.0
Q222018	Total Recall	Point(-102.0 23.0)	Mexico	adventure film	1990-01-01	-102.0	23.0
Q222018	Total Recall	Point(-98.5795 39.828175)	United States	dystopian film	1990-01-01	-98.5795	39.828175
Q222018	Total Recall	Point(-98.5795 39.828175)	United States	science fiction film	1990-01-01	-98.5795	39.828175
Q222018	Total Recall	Point(-98.5795 39.828175)	United States	adventure film	1990-01-01	-98.5795	39.828175
Q222018	Total Recall	Point(-102.0 23.0)	Mexico	speculative fiction film	1990-01-01	-102.0	23.0
Q222018	Total Recall	Point(-98.5795 39.828175)	United States	speculative fiction film	1990-01-01	-98.5795	39.828175
Q1784288	Invisible Man	Point(-98.5795 39.828175)	United States	science fiction	1953-01-01	-98.5795	39.828175
Q1784288	Invisible Man	Point(-98.5795 39.828175)	United States	science fiction	1952-04-14	-98.5795	39.828175
Q1784288	Invisible Man	Point(-2.0 54.6)	United Kingdom	science fiction	1953-01-01	-2.0	54.6
Q1784288	Invisible Man	Point(-2.0 54.6)	United Kingdom	science fiction	1952-04-14	-2.0	54.6
Q1784288	Invisible Man	Point(-98.5795 39.828175)	United States	bildungsroman	1953-01-01	-98.5795	39.828175
Q1784288	Invisible Man	Point(-98.5795 39.828175)	United States	bildungsroman	1952-04-14	-98.5795	39.828175
Q1784288	Invisible Man	Point(-98.5795 39.828175)	United States	autobiographical novel	1953-01-01	-98.5795	39.828175
Q1784288	Invisible Man	Point(-98.5795 39.828175)	United States	autobiographical novel	1952-04-14	-98.5795	39.828175
Q1784288	Invisible Man	Point(-2.0 54.6)	United Kingdom	bildungsroman	1953-01-01	-2.0	54.6
Q1784288	Invisible Man	Point(-2.0 54.6)	United Kingdom	bildungsroman	1952-04-14	-2.0	54.6
Q1784288	Invisible Man	Point(-98.5795 39.828175)	United States	social novel	1953-01-01	-98.5795	39.828175
Q1784288	Invisible Man	Point(-98.5795 39.828175)	United States	social novel	1952-04-14	-98.5795	39.828175
Q1784288	Invisible Man	Point(-2.0 54.6)	United Kingdom	autobiographical novel	1953-01-01	-2.0	54.6
Q1784288	Invisible Man	Point(-2.0 54.6)	United Kingdom	autobiographical novel	1952-04-14	-2.0	54.6
Q1784288	Invisible Man	Point(-98.5795 39.828175)	United States	African American literature	1953-01-01	-98.5795	39.828175
Q1784288	Invisible Man	Point(-98.5795 39.828175)	United States	African American literature	1952-04-14	-98.5795	39.828175
Q1784288	Invisible Man	Point(-2.0 54.6)	United Kingdom	social novel	1953-01-01	-2.0	54.6
Q1784288	Invisible Man	Point(-2.0 54.6)	United Kingdom	social novel	1952-04-14	-2.0	54.6
Q1784288	Invisible Man	Point(-2.0 54.6)	United Kingdom	African American literature	1953-01-01	-2.0	54.6
Q1784288	Invisible Man	Point(-2.0 54.6)	United Kingdom	African American literature	1952-04-14	-2.0	54.6
Q8265	Dream of the Red Chamber	Point(103.0 38.0)	Qing dynasty	family saga	1868-01-01	103.0	38.0
Q8265	Dream of the Red Chamber	Point(103.0 38.0)	Qing dynasty	family saga	1800-01-01	103.0	38.0
Q8265	Dream of the Red Chamber	Point(103.0 38.0)	Qing dynasty	family saga	1792-01-01	103.0	38.0
Q8265	Dream of the Red Chamber	Point(103.0 38.0)	Qing dynasty	xiaoshuo	1868-01-01	103.0	38.0
Q8265	Dream of the Red Chamber	Point(103.0 38.0)	Qing dynasty	xiaoshuo	1800-01-01	103.0	38.0
Q8265	Dream of the Red Chamber	Point(103.0 38.0)	Qing dynasty	zhanghui novel	1868-01-01	103.0	38.0
Q8265	Dream of the Red Chamber	Point(103.0 38.0)	Qing dynasty	zhanghui novel	1800-01-01	103.0	38.0
Q8265	Dream of the Red Chamber	Point(103.0 38.0)	Qing dynasty	xiaoshuo	1792-01-01	103.0	38.0
Q8265	Dream of the Red Chamber	Point(103.0 38.0)	Qing dynasty	zhanghui novel	1792-01-01	103.0	38.0
Q62595383	Promising Young Woman	Point(-98.5795 39.828175)	United States	crime film	2020-01-01	-98.5795	39.828175
Q62595383	Promising Young Woman	Point(-2.0 54.6)	United Kingdom	crime film	2020-01-01	-2.0	54.6
Q62595383	Promising Young Woman	Point(-98.5795 39.828175)	United States	drama film	2020-01-01	-98.5795	39.828175
Q62595383	Promising Young Woman	Point(-98.5795 39.828175)	United States	black comedy	2020-01-01	-98.5795	39.828175
Q62595383	Promising Young Woman	Point(-2.0 54.6)	United Kingdom	drama film	2020-01-01	-2.0	54.6
Q62595383	Promising Young Woman	Point(-98.5795 39.828175)	United States	rape and revenge film	2020-01-01	-98.5795	39.828175
Q62595383	Promising Young Woman	Point(-98.5795 39.828175)	United States	thriller film	2020-01-01	-98.5795	39.828175
Q62595383	Promising Young Woman	Point(-2.0 54.6)	United Kingdom	black comedy	2020-01-01	-2.0	54.6
Q62595383	Promising Young Woman	Point(-2.0 54.6)	United Kingdom	rape and revenge film	2020-01-01	-2.0	54.6
Q62595383	Promising Young Woman	Point(-98.5795 39.828175)	United States	black comedy	2021-05-20	-98.5795	39.828175
Q62595383	Promising Young Woman	Point(-2.0 54.6)	United Kingdom	drama film	2021-05-20	-2.0	54.6
Q62595383	Promising Young Woman	Point(-2.0 54.6)	United Kingdom	vigilante film	2020-01-01	-2.0	54.6
Q62595383	Promising Young Woman	Point(-98.5795 39.828175)	United States	vigilante film	2021-08-19	-98.5795	39.828175
Q62595383	Promising Young Woman	Point(-98.5795 39.828175)	United States	rape and revenge film	2021-05-20	-98.5795	39.828175
Q62595383	Promising Young Woman	Point(-98.5795 39.828175)	United States	thriller film	2021-05-20	-98.5795	39.828175
Q62595383	Promising Young Woman	Point(-98.5795 39.828175)	United States	crime film	2021-08-19	-98.5795	39.828175
Q62595383	Promising Young Woman	Point(-2.0 54.6)	United Kingdom	black comedy	2021-05-20	-2.0	54.6
Q62595383	Promising Young Woman	Point(-98.5795 39.828175)	United States	vigilante film	2020-04-24	-98.5795	39.828175
Q62595383	Promising Young Woman	Point(-2.0 54.6)	United Kingdom	vigilante film	2021-08-19	-2.0	54.6
Q62595383	Promising Young Woman	Point(-2.0 54.6)	United Kingdom	rape and revenge film	2021-05-20	-2.0	54.6
Q62595383	Promising Young Woman	Point(-2.0 54.6)	United Kingdom	thriller film	2021-05-20	-2.0	54.6
Q62595383	Promising Young Woman	Point(-98.5795 39.828175)	United States	crime film	2020-04-24	-98.5795	39.828175
Q62595383	Promising Young Woman	Point(-2.0 54.6)	United Kingdom	crime film	2021-08-19	-2.0	54.6
Q62595383	Promising Young Woman	Point(-2.0 54.6)	United Kingdom	vigilante film	2020-04-24	-2.0	54.6
Q62595383	Promising Young Woman	Point(-98.5795 39.828175)	United States	drama film	2021-08-19	-98.5795	39.828175
Q62595383	Promising Young Woman	Point(-2.0 54.6)	United Kingdom	crime film	2020-04-24	-2.0	54.6
Q62595383	Promising Young Woman	Point(-98.5795 39.828175)	United States	black comedy	2021-08-19	-98.5795	39.828175
Q62595383	Promising Young Woman	Point(-98.5795 39.828175)	United States	drama film	2020-04-24	-98.5795	39.828175
Q62595383	Promising Young Woman	Point(-98.5795 39.828175)	United States	vigilante film	2021-05-20	-98.5795	39.828175
Q62595383	Promising Young Woman	Point(-2.0 54.6)	United Kingdom	drama film	2021-08-19	-2.0	54.6
Q62595383	Promising Young Woman	Point(-98.5795 39.828175)	United States	crime film	2021-05-20	-98.5795	39.828175
Q62595383	Promising Young Woman	Point(-2.0 54.6)	United Kingdom	thriller film	2020-01-01	-2.0	54.6
Q62595383	Promising Young Woman	Point(-98.5795 39.828175)	United States	rape and revenge film	2021-08-19	-98.5795	39.828175
Q62595383	Promising Young Woman	Point(-98.5795 39.828175)	United States	thriller film	2021-08-19	-98.5795	39.828175
Q62595383	Promising Young Woman	Point(-98.5795 39.828175)	United States	black comedy	2020-04-24	-98.5795	39.828175
Q62595383	Promising Young Woman	Point(-2.0 54.6)	United Kingdom	black comedy	2021-08-19	-2.0	54.6
Q62595383	Promising Young Woman	Point(-2.0 54.6)	United Kingdom	drama film	2020-04-24	-2.0	54.6
Q62595383	Promising Young Woman	Point(-2.0 54.6)	United Kingdom	vigilante film	2021-05-20	-2.0	54.6
Q62595383	Promising Young Woman	Point(-2.0 54.6)	United Kingdom	crime film	2021-05-20	-2.0	54.6
Q62595383	Promising Young Woman	Point(-98.5795 39.828175)	United States	rape and revenge film	2020-04-24	-98.5795	39.828175
Q62595383	Promising Young Woman	Point(-2.0 54.6)	United Kingdom	rape and revenge film	2021-08-19	-2.0	54.6
Q62595383	Promising Young Woman	Point(-98.5795 39.828175)	United States	thriller film	2020-04-24	-98.5795	39.828175
Q62595383	Promising Young Woman	Point(-2.0 54.6)	United Kingdom	thriller film	2021-08-19	-2.0	54.6
Q62595383	Promising Young Woman	Point(-2.0 54.6)	United Kingdom	black comedy	2020-04-24	-2.0	54.6
Q62595383	Promising Young Woman	Point(-98.5795 39.828175)	United States	drama film	2021-05-20	-98.5795	39.828175
Q62595383	Promising Young Woman	Point(-98.5795 39.828175)	United States	vigilante film	2020-01-01	-98.5795	39.828175
Q62595383	Promising Young Woman	Point(-2.0 54.6)	United Kingdom	rape and revenge film	2020-04-24	-2.0	54.6
Q62595383	Promising Young Woman	Point(-2.0 54.6)	United Kingdom	thriller film	2020-04-24	-2.0	54.6
Q3990982	Thyestes	Point(12.48 41.89)	Ancient Rome	Roman tragedy		12.48	41.89
Q240617	Père Goriot	Point(2.0 47.0)	France	historical fiction	1835-03-01	2.0	47.0
Q2904743	Narrative of the Life of Frederick Douglass, An American Slave	Point(-98.5795 39.828175)	United States	autobiography	1845-01-01	-98.5795	39.828175
Q428680	Fun Home	Point(-98.5795 39.828175)	United States	graphic novel	2006-06-08	-98.5795	39.828175
Q428680	Fun Home	Point(-98.5795 39.828175)	United States	autobiographical comics	2006-06-08	-98.5795	39.828175
Q428680	Fun Home	Point(-98.5795 39.828175)	United States	gay comics	2006-06-08	-98.5795	39.828175
Q184222	The Metamorphosis	Point(16.365 48.2075)	Austria-Hungary	absurdist literature	1915-10-01	16.365	48.2075
Q184222	The Metamorphosis	Point(14.0 48.0)	Austria	epic literature	1915-01-01	14.0	48.0
Q184222	The Metamorphosis	Point(14.0 48.0)	Austria	body horror literature	1915-01-01	14.0	48.0
Q184222	The Metamorphosis	Point(14.0 48.0)	Austria	absurdist literature	1915-01-01	14.0	48.0
Q184222	The Metamorphosis	Point(16.365 48.2075)	Austria-Hungary	epic literature	1915-01-01	16.365	48.2075
Q184222	The Metamorphosis	Point(14.0 48.0)	Austria	epic literature	1915-10-01	14.0	48.0
Q184222	The Metamorphosis	Point(16.365 48.2075)	Austria-Hungary	body horror literature	1915-01-01	16.365	48.2075
Q184222	The Metamorphosis	Point(14.0 48.0)	Austria	body horror literature	1915-10-01	14.0	48.0
Q184222	The Metamorphosis	Point(16.365 48.2075)	Austria-Hungary	absurdist literature	1915-01-01	16.365	48.2075
Q184222	The Metamorphosis	Point(14.0 48.0)	Austria	absurdist literature	1915-10-01	14.0	48.0
Q184222	The Metamorphosis	Point(16.365 48.2075)	Austria-Hungary	epic literature	1915-10-01	16.365	48.2075
Q184222	The Metamorphosis	Point(16.365 48.2075)	Austria-Hungary	body horror literature	1915-10-01	16.365	48.2075
Q178869	One Hundred Years of Solitude	Point(-64.0 -34.0)	Argentina	magic realism	1967-01-01	-64.0	-34.0
Q27959455	Roma	Point(-98.5795 39.828175)	United States	drama film	2018-09-13	-98.5795	39.828175
Q27959455	Roma	Point(-102.0 23.0)	Mexico	drama film	2018-11-29	-102.0	23.0
Q27959455	Roma	Point(-102.0 23.0)	Mexico	drama film	2018-09-10	-102.0	23.0
Q27959455	Roma	Point(-102.0 23.0)	Mexico	drama film	2018-08-31	-102.0	23.0
Q27959455	Roma	Point(-98.5795 39.828175)	United States	drama film	2018-11-29	-98.5795	39.828175
Q27959455	Roma	Point(-98.5795 39.828175)	United States	drama film	2018-09-10	-98.5795	39.828175
Q27959455	Roma	Point(-98.5795 39.828175)	United States	drama film	2018-08-31	-98.5795	39.828175
Q27959455	Roma	Point(-102.0 23.0)	Mexico	drama film	2018-12-06	-102.0	23.0
Q27959455	Roma	Point(-102.0 23.0)	Mexico	drama film	2018-11-21	-102.0	23.0
Q27959455	Roma	Point(-98.5795 39.828175)	United States	drama film	2018-12-06	-98.5795	39.828175
Q27959455	Roma	Point(-98.5795 39.828175)	United States	drama film	2018-11-21	-98.5795	39.828175
Q27959455	Roma	Point(-102.0 23.0)	Mexico	drama film	2018-12-03	-102.0	23.0
Q27959455	Roma	Point(-102.0 23.0)	Mexico	drama film	2018-08-30	-102.0	23.0
Q27959455	Roma	Point(-98.5795 39.828175)	United States	drama film	2018-12-03	-98.5795	39.828175
Q27959455	Roma	Point(-98.5795 39.828175)	United States	drama film	2018-08-30	-98.5795	39.828175
Q27959455	Roma	Point(-102.0 23.0)	Mexico	drama film	2018-12-05	-102.0	23.0
Q27959455	Roma	Point(-102.0 23.0)	Mexico	drama film	2018-11-30	-102.0	23.0
Q27959455	Roma	Point(-98.5795 39.828175)	United States	drama film	2018-12-05	-98.5795	39.828175
Q27959455	Roma	Point(-98.5795 39.828175)	United States	drama film	2018-11-30	-98.5795	39.828175
Q27959455	Roma	Point(-102.0 23.0)	Mexico	drama film	2018-12-12	-102.0	23.0
Q27959455	Roma	Point(-102.0 23.0)	Mexico	drama film	2018-12-07	-102.0	23.0
Q27959455	Roma	Point(-102.0 23.0)	Mexico	drama film	2018-09-13	-102.0	23.0
Q27959455	Roma	Point(-98.5795 39.828175)	United States	drama film	2018-12-12	-98.5795	39.828175
Q27959455	Roma	Point(-98.5795 39.828175)	United States	drama film	2018-12-07	-98.5795	39.828175
Q216006	Pan's Labyrinth	Point(-3.5 40.2)	Spain	cinematic fairy tale	2006-10-11	-3.5	40.2
Q216006	Pan's Labyrinth	Point(-3.5 40.2)	Spain	fantasy film	2006-12-29	-3.5	40.2
Q216006	Pan's Labyrinth	Point(-3.5 40.2)	Spain	fantasy film	2006-10-20	-3.5	40.2
Q216006	Pan's Labyrinth	Point(-3.5 40.2)	Spain	magic realist film	2006-05-27	-3.5	40.2
Q216006	Pan's Labyrinth	Point(-3.5 40.2)	Spain	magic realist film	2007-01-19	-3.5	40.2
Q216006	Pan's Labyrinth	Point(-3.5 40.2)	Spain	cinematic fairy tale	2007-02-22	-3.5	40.2
Q216006	Pan's Labyrinth	Point(-3.5 40.2)	Spain	magic realist film	2006-10-11	-3.5	40.2
Q216006	Pan's Labyrinth	Point(-3.5 40.2)	Spain	cinematic fairy tale	2006-12-29	-3.5	40.2
Q216006	Pan's Labyrinth	Point(-3.5 40.2)	Spain	drama film	2006-05-27	-3.5	40.2
Q216006	Pan's Labyrinth	Point(-3.5 40.2)	Spain	cinematic fairy tale	2006-10-20	-3.5	40.2
Q216006	Pan's Labyrinth	Point(-3.5 40.2)	Spain	drama film	2007-01-19	-3.5	40.2
Q216006	Pan's Labyrinth	Point(-3.5 40.2)	Spain	drama film	2006-10-11	-3.5	40.2
Q216006	Pan's Labyrinth	Point(-3.5 40.2)	Spain	fantasy film	2006-05-27	-3.5	40.2
Q216006	Pan's Labyrinth	Point(-3.5 40.2)	Spain	fantasy film	2007-01-19	-3.5	40.2
Q216006	Pan's Labyrinth	Point(-3.5 40.2)	Spain	magic realist film	2007-02-22	-3.5	40.2
Q216006	Pan's Labyrinth	Point(-3.5 40.2)	Spain	fantasy film	2006-10-11	-3.5	40.2
Q216006	Pan's Labyrinth	Point(-3.5 40.2)	Spain	magic realist film	2006-12-29	-3.5	40.2
Q216006	Pan's Labyrinth	Point(-3.5 40.2)	Spain	magic realist film	2006-10-20	-3.5	40.2
Q216006	Pan's Labyrinth	Point(-3.5 40.2)	Spain	drama film	2007-02-22	-3.5	40.2
Q216006	Pan's Labyrinth	Point(-3.5 40.2)	Spain	drama film	2006-12-29	-3.5	40.2
Q216006	Pan's Labyrinth	Point(-3.5 40.2)	Spain	drama film	2006-10-20	-3.5	40.2
Q216006	Pan's Labyrinth	Point(-3.5 40.2)	Spain	cinematic fairy tale	2006-05-27	-3.5	40.2
Q216006	Pan's Labyrinth	Point(-3.5 40.2)	Spain	cinematic fairy tale	2007-01-19	-3.5	40.2
Q216006	Pan's Labyrinth	Point(-3.5 40.2)	Spain	fantasy film	2007-02-22	-3.5	40.2
Q1777072	Like Water for Chocolate	Point(-102.0 23.0)	Mexico	magic realism	1989-01-01	-102.0	23.0
Q2279794	A Wild Sheep Chase	Point(136.0 35.0)	Japan	magic realist fiction	1982-10-15	136.0	35.0
Q2279794	A Wild Sheep Chase	Point(136.0 35.0)	Japan	surrealist fiction	1982-10-15	136.0	35.0
Q971767	Beloved	Point(-98.5795 39.828175)	United States	magic realist fiction	1987-09-01	-98.5795	39.828175
Q971767	Beloved	Point(-98.5795 39.828175)	United States	historical fiction	1987-09-01	-98.5795	39.828175
Q6467743	Labyrinths	Point(-98.5795 39.828175)	United States	magic realist fiction	1962-01-01	-98.5795	39.828175
Q6467743	Labyrinths	Point(-98.5795 39.828175)	United States	essay	1962-01-01	-98.5795	39.828175
Q178869	One Hundred Years of Solitude	Point(-64.0 -34.0)	Argentina	magic realism	1967-01-01	-64.0	-34.0
Q50282028	Becoming	Point(-98.5795 39.828175)	United States	memoir		-98.5795	39.828175
Q2281600	The Autobiography of Malcolm X	Point(-98.5795 39.828175)	United States	autobiography	1965-01-01	-98.5795	39.828175
Q6945057	My Bondage and My Freedom	Point(-98.5795 39.828175)	United States	autobiography		-98.5795	39.828175
Q2268391	A Wrinkle in Time	Point(-98.5795 39.828175)	United States	science fantasy	1963-01-01	-98.5795	39.828175
Q2268391	A Wrinkle in Time	Point(-98.5795 39.828175)	United States	science fiction	1962-01-01	-98.5795	39.828175
Q2268391	A Wrinkle in Time	Point(-98.5795 39.828175)	United States	fantasy	1962-01-01	-98.5795	39.828175
Q2268391	A Wrinkle in Time	Point(-98.5795 39.828175)	United States	science fiction	1963-01-01	-98.5795	39.828175
Q2268391	A Wrinkle in Time	Point(-98.5795 39.828175)	United States	fantasy	1963-01-01	-98.5795	39.828175
Q2268391	A Wrinkle in Time	Point(-98.5795 39.828175)	United States	science fantasy	1962-01-01	-98.5795	39.828175
Q3221351	The Calcutta Chromosome	Point(83.0 22.8)	India	thriller	1995-01-01	83.0	22.8
Q3221351	The Calcutta Chromosome	Point(83.0 22.8)	India	science fiction	1995-01-01	83.0	22.8
Q20737828	Bloodchild	Point(-98.5795 39.828175)	United States	science fiction	1984-06-01	-98.5795	39.828175
Q617357	Ubik	Point(-98.5795 39.828175)	United States	futuristic fiction	1969-01-01	-98.5795	39.828175
Q617357	Ubik	Point(-98.5795 39.828175)	United States	science fiction	1969-01-01	-98.5795	39.828175
Q379286	Naked Lunch	Point(2.0 47.0)	France	speculative fiction	1959-01-01	2.0	47.0
Q857313	One Flew over the Cuckoo's Nest	Point(-98.5795 39.828175)	United States		1962-01-01	-98.5795	39.828175
Q36097	The Trial	Point(10.0 51.0)	Germany	absurdist literature	1925-01-01	10.0	51.0
Q36097	The Trial	Point(14.0 48.0)	Austria	dystopian fiction	1925-01-01	14.0	48.0
Q36097	The Trial	Point(14.0 48.0)	Austria	absurdist literature	1925-01-01	14.0	48.0
Q36097	The Trial	Point(10.0 51.0)	Germany	dystopian fiction	1925-01-01	10.0	51.0
Q907568	The Scarlet Letter	Point(-98.5795 39.828175)	United States	historical fiction	1850-01-01	-98.5795	39.828175
Q907568	The Scarlet Letter	Point(-98.5795 39.828175)	United States	romantic fiction	1850-01-01	-98.5795	39.828175
Q462373	The Yellow Wallpaper	Point(-98.5795 39.828175)	United States	fiction	1892-01-01	-98.5795	39.828175
Q520306	Superman	Point(-98.5795 39.828175)	United States			-98.5795	39.828175
Q214723	The Gold Rush	Point(-98.5795 39.828175)	United States	romantic comedy	1925-06-26	-98.5795	39.828175
Q214723	The Gold Rush	Point(-98.5795 39.828175)	United States	romantic comedy	1925-08-15	-98.5795	39.828175
Q214723	The Gold Rush	Point(-98.5795 39.828175)	United States	romantic comedy	1925-09-19	-98.5795	39.828175
Q214723	The Gold Rush	Point(-98.5795 39.828175)	United States	romantic comedy	1925-09-27	-98.5795	39.828175
Q214723	The Gold Rush	Point(-98.5795 39.828175)	United States	comedy film	1925-06-26	-98.5795	39.828175
Q214723	The Gold Rush	Point(-98.5795 39.828175)	United States	silent film	1925-06-26	-98.5795	39.828175
Q214723	The Gold Rush	Point(-98.5795 39.828175)	United States	comedy film	1925-08-15	-98.5795	39.828175
Q214723	The Gold Rush	Point(-98.5795 39.828175)	United States	silent film	1925-08-15	-98.5795	39.828175
Q214723	The Gold Rush	Point(-98.5795 39.828175)	United States	comedy film	1925-09-19	-98.5795	39.828175
Q214723	The Gold Rush	Point(-98.5795 39.828175)	United States	silent film	1925-09-19	-98.5795	39.828175
Q214723	The Gold Rush	Point(-98.5795 39.828175)	United States	comedy film	1925-09-27	-98.5795	39.828175
Q214723	The Gold Rush	Point(-98.5795 39.828175)	United States	silent film	1925-09-27	-98.5795	39.828175
Q214723	The Gold Rush	Point(-98.5795 39.828175)	United States	social comedy film	1925-06-26	-98.5795	39.828175
Q214723	The Gold Rush	Point(-98.5795 39.828175)	United States	social comedy film	1925-08-15	-98.5795	39.828175
Q214723	The Gold Rush	Point(-98.5795 39.828175)	United States	social comedy film	1925-09-19	-98.5795	39.828175
Q214723	The Gold Rush	Point(-98.5795 39.828175)	United States	social comedy film	1925-09-27	-98.5795	39.828175
Q2527400	The Facetious Nights of Straparola (Adamantina and the Doll)	Point(12.5 42.5)	Italy			12.5	42.5
Q514565	Bottle Rocket	Point(-98.5795 39.828175)	United States	heist film	1996-01-01	-98.5795	39.828175
Q514565	Bottle Rocket	Point(-98.5795 39.828175)	United States	comedy film	1996-01-01	-98.5795	39.828175
Q514565	Bottle Rocket	Point(-98.5795 39.828175)	United States	buddy film	1996-02-21	-98.5795	39.828175
Q514565	Bottle Rocket	Point(-98.5795 39.828175)	United States	buddy film	1996-01-01	-98.5795	39.828175
Q514565	Bottle Rocket	Point(-98.5795 39.828175)	United States	heist film	1996-02-21	-98.5795	39.828175
Q514565	Bottle Rocket	Point(-98.5795 39.828175)	United States	comedy film	1996-02-21	-98.5795	39.828175
Q2446285	Pippi Longstocking	Point(15.0 61.0)	Sweden	children's literature	1945-11-01	15.0	61.0
Q2446285	Pippi Longstocking	Point(15.0 61.0)	Sweden	fantasy	1945-11-01	15.0	61.0
Q5477055	Fox in Socks	Point(-98.5795 39.828175)	United States		1965-06-19	-98.5795	39.828175
Q5477055	Fox in Socks	Point(-98.5795 39.828175)	United States		1965-01-01	-98.5795	39.828175
Q3766392	Winnie the Pooh	Point(-2.0 54.6)	United Kingdom	children's novel	1926-10-14	-2.0	54.6
Q92640	Alice's Adventures in Wonderland	Point(-2.0 54.6)	United Kingdom	children's novel	1865-01-01	-2.0	54.6
Q92640	Alice's Adventures in Wonderland	Point(-2.0 54.6)	United Kingdom	fairy tale	1865-01-01	-2.0	54.6
Q92640	Alice's Adventures in Wonderland	Point(-2.0 54.6)	United Kingdom	literary nonsense	1865-01-01	-2.0	54.6
Q99179657	Mother Goose's Melody	Point(-0.13333333 51.5)	Kingdom of Great Britain		1772-01-01	-0.13333333	51.5
Q3667415	Call Me By Your Name	Point(-98.5795 39.828175)	United States	bildungsroman	2007-01-01	-98.5795	39.828175
Q3667415	Call Me By Your Name	Point(-98.5795 39.828175)	United States	romance	2007-01-01	-98.5795	39.828175
Q3667415	Call Me By Your Name	Point(-98.5795 39.828175)	United States	gay fiction	2007-01-01	-98.5795	39.828175
Q5237708	The History of Love	Point(-98.5795 39.828175)	United States		2005-05-02	-98.5795	39.828175
Q1212645	The Time Traveler's Wife	Point(-98.5795 39.828175)	United States	science fiction	2003-09-01	-98.5795	39.828175
Q1212645	The Time Traveler's Wife	Point(-98.5795 39.828175)	United States	fantasy	2003-09-01	-98.5795	39.828175
Q1212645	The Time Traveler's Wife	Point(-98.5795 39.828175)	United States	time-travel fiction	2003-09-01	-98.5795	39.828175
Q1212645	The Time Traveler's Wife	Point(-98.5795 39.828175)	United States	romantic fiction	2003-09-01	-98.5795	39.828175
Q4881733	Bel Canto	Point(-98.5795 39.828175)	United States	thriller	2001-01-01	-98.5795	39.828175
Q182961	Jane Eyre	Point(-0.1275 51.507222222)	United Kingdom of Great Britain and Ireland	Gothic fiction	1847-01-01	-0.1275	51.507222222
Q182961	Jane Eyre	Point(-0.1275 51.507222222)	United Kingdom of Great Britain and Ireland	romance novel	1847-01-01	-0.1275	51.507222222
Q182961	Jane Eyre	Point(-0.1275 51.507222222)	United Kingdom of Great Britain and Ireland	autobiographical novel	1847-01-01	-0.1275	51.507222222
Q182961	Jane Eyre	Point(-0.1275 51.507222222)	United Kingdom of Great Britain and Ireland	education novel	1847-01-01	-0.1275	51.507222222
Q105756377	Fleabag	Point(-2.0 54.6)	United Kingdom			-2.0	54.6
Q2776448	My Antonia	Point(-98.5795 39.828175)	United States	historical novel	1918-01-01	-98.5795	39.828175
Q235795	A Farewell to Arms	Point(-98.5795 39.828175)	United States	war novel	1929-01-01	-98.5795	39.828175
Q182961	Jane Eyre	Point(-0.1275 51.507222222)	United Kingdom of Great Britain and Ireland	Gothic fiction	1847-01-01	-0.1275	51.507222222
Q182961	Jane Eyre	Point(-0.1275 51.507222222)	United Kingdom of Great Britain and Ireland	romance novel	1847-01-01	-0.1275	51.507222222
Q182961	Jane Eyre	Point(-0.1275 51.507222222)	United Kingdom of Great Britain and Ireland	autobiographical novel	1847-01-01	-0.1275	51.507222222
Q182961	Jane Eyre	Point(-0.1275 51.507222222)	United Kingdom of Great Britain and Ireland	education novel	1847-01-01	-0.1275	51.507222222
Q591301	The Westcar Papyrus	Point(31.3 29.8)	Ancient Egypt			31.3	29.8
Q171048	Toy Story	Point(-98.5795 39.828175)	United States	adventure film	1996-03-08	-98.5795	39.828175
Q171048	Toy Story	Point(-98.5795 39.828175)	United States	buddy film	1995-01-01	-98.5795	39.828175
Q171048	Toy Story	Point(-98.5795 39.828175)	United States	adventure film	1995-01-01	-98.5795	39.828175
Q171048	Toy Story	Point(-98.5795 39.828175)	United States	fantasy film	1996-03-21	-98.5795	39.828175
Q171048	Toy Story	Point(-98.5795 39.828175)	United States	comedy film	1996-03-21	-98.5795	39.828175
Q171048	Toy Story	Point(-98.5795 39.828175)	United States	fantasy film	1995-11-22	-98.5795	39.828175
Q171048	Toy Story	Point(-98.5795 39.828175)	United States	comedy film	1995-11-22	-98.5795	39.828175
Q171048	Toy Story	Point(-98.5795 39.828175)	United States	fantasy film	1996-03-08	-98.5795	39.828175
Q171048	Toy Story	Point(-98.5795 39.828175)	United States	comedy film	1996-03-08	-98.5795	39.828175
Q171048	Toy Story	Point(-98.5795 39.828175)	United States	fantasy film	1995-01-01	-98.5795	39.828175
Q171048	Toy Story	Point(-98.5795 39.828175)	United States	comedy film	1995-01-01	-98.5795	39.828175
Q171048	Toy Story	Point(-98.5795 39.828175)	United States	buddy film	1996-03-21	-98.5795	39.828175
Q171048	Toy Story	Point(-98.5795 39.828175)	United States	adventure film	1996-03-21	-98.5795	39.828175
Q171048	Toy Story	Point(-98.5795 39.828175)	United States	buddy film	1995-11-22	-98.5795	39.828175
Q171048	Toy Story	Point(-98.5795 39.828175)	United States	adventure film	1995-11-22	-98.5795	39.828175
Q171048	Toy Story	Point(-98.5795 39.828175)	United States	buddy film	1996-03-08	-98.5795	39.828175
Q284395	The Bridges of Madison County	Point(-98.5795 39.828175)	United States	romantic fiction	1992-01-01	-98.5795	39.828175
Q1450848	The Secret Diary of Adrian Mole, Aged 13 3/4	Point(-2.0 54.6)	United Kingdom	fictional diary	1982-10-07	-2.0	54.6
Q1450848	The Secret Diary of Adrian Mole, Aged 13 3/4	Point(-2.0 54.6)	United Kingdom	epistolary novel	1982-10-07	-2.0	54.6
Q1450848	The Secret Diary of Adrian Mole, Aged 13 3/4	Point(-2.0 54.6)	United Kingdom	comic novel	1982-10-07	-2.0	54.6
Q1450848	The Secret Diary of Adrian Mole, Aged 13 3/4	Point(-2.0 54.6)	United Kingdom	young adult literature	1982-10-07	-2.0	54.6
Q7775594	The Women's Room	Point(-98.5795 39.828175)	United States		1977-01-01	-98.5795	39.828175
Q41567	Hamlet	Point(-1.0 53.0)	England	tragedy		-1.0	53.0
Q215410	The Adventures of Huckleberry Finn	Point(-98.5795 39.828175)	United States	picaresque novel	1884-01-01	-98.5795	39.828175
Q215410	The Adventures of Huckleberry Finn	Point(-98.5795 39.828175)	United States	humor	1884-01-01	-98.5795	39.828175
Q215410	The Adventures of Huckleberry Finn	Point(-98.5795 39.828175)	United States	satire	1884-01-01	-98.5795	39.828175
Q215410	The Adventures of Huckleberry Finn	Point(-98.5795 39.828175)	United States	adventure fiction	1884-01-01	-98.5795	39.828175
Q151883	The Sorrows of Young Werther	Point(10.0 51.0)	Germany	epistolary novel	1774-01-01	10.0	51.0
Q151883	The Sorrows of Young Werther	Point(10.0 51.0)	Germany	sentimental novel	1774-01-01	10.0	51.0
Q151883	The Sorrows of Young Werther	Point(10.0 51.0)	Germany	diary literature	1774-01-01	10.0	51.0
Q483034	Robinson Crusoe	Point(-2.0 54.6)	United Kingdom	pirate fiction	1719-04-25	-2.0	54.6
Q483034	Robinson Crusoe	Point(-2.0 54.6)	United Kingdom	developmental novel	1719-04-25	-2.0	54.6
Q483034	Robinson Crusoe	Point(-2.0 54.6)	United Kingdom	autobiography	1719-04-25	-2.0	54.6
Q483034	Robinson Crusoe	Point(-2.0 54.6)	United Kingdom	adventure fiction	1719-04-25	-2.0	54.6
Q483034	Robinson Crusoe	Point(-2.0 54.6)	United Kingdom	robinsonade	1719-04-25	-2.0	54.6
Q35160	Odyssey	Point(23.0 38.5)	Ancient Greece	epic poem		23.0	38.5
Q980534	Clarissa, or, the History of a Young Lady	Point(-2.0 54.6)	United Kingdom	epistolary novel	1748-01-01	-2.0	54.6
Q2048624	Pamela	Point(-1.0 53.0)	England	epistolary novel	1740-01-01	-1.0	53.0
Q2048624	Pamela	Point(-1.0 53.0)	England	education novel	1740-01-01	-1.0	53.0
Q1395765	Fanny Hill, or Memoirs of a Woman of Pleasure	Point(-2.0 54.6)	United Kingdom	LGBT-related literature	1748-01-01	-2.0	54.6
Q1395765	Fanny Hill, or Memoirs of a Woman of Pleasure	Point(-2.0 54.6)	United Kingdom	erotica	1748-01-01	-2.0	54.6
Q851847	Letters from a Peruvian Woman	Point(2.0 47.0)	France	epistolary novel	1747-01-01	2.0	47.0
Q3213603	La Vie de Marianne	Point(2.0 47.0)	France	memoir novel	1731-01-01	2.0	47.0
Q3213603	La Vie de Marianne	Point(2.0 47.0)	France	memoir novel	1742-01-01	2.0	47.0
Q48922	Orlando Furioso	Point(12.5 42.5)	Italy	chivalric romance		12.5	42.5
Q48922	Orlando Furioso	Point(12.5 42.5)	Italy	chivalric romance		12.5	42.5
Q452075	Amadis de Gaula	Point(-3.5 40.2)	Spain	chivalric romance		-3.5	40.2
Q452075	Amadis de Gaula	Point(-3.5 40.2)	Spain	found manuscript		-3.5	40.2
Q1136104	Morte D'arthur	Point(-1.0 53.0)	England	chivalric romance		-1.0	53.0
Q1136104	Morte D'arthur	Point(-1.0 53.0)	England	Arthurian romance		-1.0	53.0
Q2699263	Brokeback Mountain	Point(-98.5795 39.828175)	United States		1997-10-13	-98.5795	39.828175
Q3824677	The Marriage Plot	Point(-98.5795 39.828175)	United States		2011-01-01	-98.5795	39.828175
Q18162235	The Children Act	Point(-2.0 54.6)	United Kingdom		2014-01-01	-2.0	54.6
Q18162235	The Children Act	Point(-2.0 54.6)	United Kingdom		2014-09-02	-2.0	54.6
Q223880	Emma	Point(-2.0 54.6)	United Kingdom	romantic fiction	1815-12-23	-2.0	54.6
Q274744	Sense and Sensibility	Point(-2.0 54.6)	United Kingdom	bildungsroman	1811-01-01	-2.0	54.6
Q274744	Sense and Sensibility	Point(-2.0 54.6)	United Kingdom	romantic fiction	1811-01-01	-2.0	54.6
Q191663	The Canterbury Tales	Point(-1.0 53.0)	England	English literature		-1.0	53.0
Q3234313	The Blacks: A Clown Show	Point(2.0 47.0)	France	theatre of the absurd	1958-01-01	2.0	47.0
Q1170769	The Essence of Christianity	Point(10.0 51.0)	Germany		1841-01-01	10.0	51.0
Q523076	Anne of Green Gables	Point(-98.5795 39.828175)	United States	autobiography	1869-01-01	-98.5795	39.828175
Q523076	Anne of Green Gables	Point(-98.5795 39.828175)	United States	realist novel	1869-01-01	-98.5795	39.828175
Q523076	Anne of Green Gables	Point(-98.5795 39.828175)	United States	bildungsroman	1869-01-01	-98.5795	39.828175
Q523076	Anne of Green Gables	Point(-98.5795 39.828175)	United States	developmental novel	1869-01-01	-98.5795	39.828175
Q523076	Anne of Green Gables	Point(-98.5795 39.828175)	United States	family saga	1869-01-01	-98.5795	39.828175
Q523076	Little Women	Point(-98.5795 39.828175)	United States	autobiography	1869-01-01	-98.5795	39.828175
Q523076	Little Women	Point(-98.5795 39.828175)	United States	realist novel	1869-01-01	-98.5795	39.828175
Q523076	Little Women	Point(-98.5795 39.828175)	United States	bildungsroman	1869-01-01	-98.5795	39.828175
Q523076	Little Women	Point(-98.5795 39.828175)	United States	developmental novel	1869-01-01	-98.5795	39.828175
Q523076	Little Women	Point(-98.5795 39.828175)	United States	family saga	1869-01-01	-98.5795	39.828175
Q1286961	Sister Carrie	Point(-98.5795 39.828175)	United States		1900-01-01	-98.5795	39.828175
Q1444052	Go Tell it on the Mountain	Point(-98.5795 39.828175)	United States	autobiographical novel	1953-01-01	-98.5795	39.828175
Q1444052	Go Tell it on the Mountain	Point(-98.5795 39.828175)	United States	African American literature	1953-01-01	-98.5795	39.828175
Q1045464	The Age of Innocence	Point(-98.5795 39.828175)	United States	novel of manners	1920-01-01	-98.5795	39.828175
Q1045464	The Age of Innocence	Point(-98.5795 39.828175)	United States	romance novel	1920-01-01	-98.5795	39.828175
Q189811	David Copperfield	Point(-2.0 54.6)	United Kingdom	autobiographical novel	1850-01-01	-2.0	54.6
Q189811	David Copperfield	Point(-2.0 54.6)	United Kingdom	bildungsroman	1850-01-01	-2.0	54.6
Q212340	To Kill a Mockingbird	Point(-98.5795 39.828175)	United States	bildungsroman	1960-07-11	-98.5795	39.828175
Q212340	To Kill a Mockingbird	Point(-98.5795 39.828175)	United States	Southern Gothic	1960-07-11	-98.5795	39.828175
Q212340	To Kill a Mockingbird	Point(-98.5795 39.828175)	United States	social problem fiction	1960-07-11	-98.5795	39.828175
Q212340	To Kill a Mockingbird	Point(-98.5795 39.828175)	United States	legal fiction	1960-07-11	-98.5795	39.828175
Q548576	The Castle of Otranto	Point(-1.0 53.0)	England	Gothic novel	1765-01-01	-1.0	53.0
Q548576	The Castle of Otranto	Point(-1.0 53.0)	England	Gothic novel	1764-01-01	-1.0	53.0
Q19871	Waiting for Godot	Point(2.0 47.0)	France	theatre of the absurd	1952-01-01	2.0	47.0
Q1197185	The Right Stuff	Point(-98.5795 39.828175)	United States	historical film	1984-03-16	-98.5795	39.828175
Q1197185	The Right Stuff	Point(-98.5795 39.828175)	United States	drama film	1984-03-16	-98.5795	39.828175
Q1197185	The Right Stuff	Point(-98.5795 39.828175)	United States	adventure film	1984-09-01	-98.5795	39.828175
Q1197185	The Right Stuff	Point(-98.5795 39.828175)	United States	historical film	1983-12-22	-98.5795	39.828175
Q1197185	The Right Stuff	Point(-98.5795 39.828175)	United States	drama film	1983-12-22	-98.5795	39.828175
Q1197185	The Right Stuff	Point(-98.5795 39.828175)	United States	adventure film	1984-05-24	-98.5795	39.828175
Q1197185	The Right Stuff	Point(-98.5795 39.828175)	United States	adventure film	1986-08-28	-98.5795	39.828175
Q1197185	The Right Stuff	Point(-98.5795 39.828175)	United States	film based on book	1984-03-02	-98.5795	39.828175
Q1197185	The Right Stuff	Point(-98.5795 39.828175)	United States	adventure film	1984-03-30	-98.5795	39.828175
Q1197185	The Right Stuff	Point(-98.5795 39.828175)	United States	film based on book	1984-09-15	-98.5795	39.828175
Q1197185	The Right Stuff	Point(-98.5795 39.828175)	United States	historical film	1984-03-08	-98.5795	39.828175
Q1197185	The Right Stuff	Point(-98.5795 39.828175)	United States	drama film	1984-03-08	-98.5795	39.828175
Q1197185	The Right Stuff	Point(-98.5795 39.828175)	United States	historical film	1984-09-01	-98.5795	39.828175
Q1197185	The Right Stuff	Point(-98.5795 39.828175)	United States	drama film	1984-09-01	-98.5795	39.828175
Q1197185	The Right Stuff	Point(-98.5795 39.828175)	United States	adventure film	1984-03-02	-98.5795	39.828175
Q1197185	The Right Stuff	Point(-98.5795 39.828175)	United States	historical film	1984-05-24	-98.5795	39.828175
Q1197185	The Right Stuff	Point(-98.5795 39.828175)	United States	drama film	1984-05-24	-98.5795	39.828175
Q1197185	The Right Stuff	Point(-98.5795 39.828175)	United States	historical film	1986-08-28	-98.5795	39.828175
Q1197185	The Right Stuff	Point(-98.5795 39.828175)	United States	drama film	1986-08-28	-98.5795	39.828175
Q1197185	The Right Stuff	Point(-98.5795 39.828175)	United States	film based on book	1984-09-17	-98.5795	39.828175
Q1197185	The Right Stuff	Point(-98.5795 39.828175)	United States	film based on book	1984-09-07	-98.5795	39.828175
Q1197185	The Right Stuff	Point(-98.5795 39.828175)	United States	historical film	1984-03-30	-98.5795	39.828175
Q1197185	The Right Stuff	Point(-98.5795 39.828175)	United States	drama film	1984-03-30	-98.5795	39.828175
Q1197185	The Right Stuff	Point(-98.5795 39.828175)	United States	film based on book	1984-08-23	-98.5795	39.828175
Q1197185	The Right Stuff	Point(-98.5795 39.828175)	United States	adventure film	1984-09-15	-98.5795	39.828175
Q1197185	The Right Stuff	Point(-98.5795 39.828175)	United States	film based on book	1983-10-21	-98.5795	39.828175
Q1197185	The Right Stuff	Point(-98.5795 39.828175)	United States	film based on book	1984-07-19	-98.5795	39.828175
Q1197185	The Right Stuff	Point(-98.5795 39.828175)	United States	film based on book	1984-04-25	-98.5795	39.828175
Q1197185	The Right Stuff	Point(-98.5795 39.828175)	United States	film based on book	1984-03-16	-98.5795	39.828175
Q1197185	The Right Stuff	Point(-98.5795 39.828175)	United States	film based on book	1983-12-22	-98.5795	39.828175
Q1197185	The Right Stuff	Point(-98.5795 39.828175)	United States	adventure film	1984-09-17	-98.5795	39.828175
Q1197185	The Right Stuff	Point(-98.5795 39.828175)	United States	adventure film	1984-09-07	-98.5795	39.828175
Q1197185	The Right Stuff	Point(-98.5795 39.828175)	United States	historical film	1984-03-02	-98.5795	39.828175
Q1197185	The Right Stuff	Point(-98.5795 39.828175)	United States	drama film	1984-03-02	-98.5795	39.828175
Q1197185	The Right Stuff	Point(-98.5795 39.828175)	United States	adventure film	1984-08-23	-98.5795	39.828175
Q1197185	The Right Stuff	Point(-98.5795 39.828175)	United States	adventure film	1983-10-21	-98.5795	39.828175
Q1197185	The Right Stuff	Point(-98.5795 39.828175)	United States	adventure film	1984-07-19	-98.5795	39.828175
Q1197185	The Right Stuff	Point(-98.5795 39.828175)	United States	historical film	1984-09-15	-98.5795	39.828175
Q1197185	The Right Stuff	Point(-98.5795 39.828175)	United States	drama film	1984-09-15	-98.5795	39.828175
Q1197185	The Right Stuff	Point(-98.5795 39.828175)	United States	adventure film	1984-04-25	-98.5795	39.828175
Q1197185	The Right Stuff	Point(-98.5795 39.828175)	United States	film based on book	1984-03-08	-98.5795	39.828175
Q1197185	The Right Stuff	Point(-98.5795 39.828175)	United States	adventure film	1984-03-16	-98.5795	39.828175
Q1197185	The Right Stuff	Point(-98.5795 39.828175)	United States	adventure film	1983-12-22	-98.5795	39.828175
Q1197185	The Right Stuff	Point(-98.5795 39.828175)	United States	film based on book	1984-09-01	-98.5795	39.828175
Q1197185	The Right Stuff	Point(-98.5795 39.828175)	United States	film based on book	1984-05-24	-98.5795	39.828175
Q1197185	The Right Stuff	Point(-98.5795 39.828175)	United States	historical film	1984-09-17	-98.5795	39.828175
Q1197185	The Right Stuff	Point(-98.5795 39.828175)	United States	drama film	1984-09-17	-98.5795	39.828175
Q1197185	The Right Stuff	Point(-98.5795 39.828175)	United States	historical film	1984-09-07	-98.5795	39.828175
Q1197185	The Right Stuff	Point(-98.5795 39.828175)	United States	film based on book	1986-08-28	-98.5795	39.828175
Q1197185	The Right Stuff	Point(-98.5795 39.828175)	United States	drama film	1984-09-07	-98.5795	39.828175
Q1197185	The Right Stuff	Point(-98.5795 39.828175)	United States	historical film	1984-08-23	-98.5795	39.828175
Q1197185	The Right Stuff	Point(-98.5795 39.828175)	United States	drama film	1984-08-23	-98.5795	39.828175
Q1197185	The Right Stuff	Point(-98.5795 39.828175)	United States	film based on book	1984-03-30	-98.5795	39.828175
Q1197185	The Right Stuff	Point(-98.5795 39.828175)	United States	historical film	1983-10-21	-98.5795	39.828175
Q1197185	The Right Stuff	Point(-98.5795 39.828175)	United States	drama film	1983-10-21	-98.5795	39.828175
Q1197185	The Right Stuff	Point(-98.5795 39.828175)	United States	historical film	1984-07-19	-98.5795	39.828175
Q1197185	The Right Stuff	Point(-98.5795 39.828175)	United States	drama film	1984-07-19	-98.5795	39.828175
Q1197185	The Right Stuff	Point(-98.5795 39.828175)	United States	adventure film	1984-03-08	-98.5795	39.828175
Q1197185	The Right Stuff	Point(-98.5795 39.828175)	United States	historical film	1984-04-25	-98.5795	39.828175
Q1197185	The Right Stuff	Point(-98.5795 39.828175)	United States	drama film	1984-04-25	-98.5795	39.828175
Q1142887	In Cold Blood	Point(-98.5795 39.828175)	United States	noir fiction	1966-01-01	-98.5795	39.828175
Q1142887	In Cold Blood	Point(-98.5795 39.828175)	United States	non-fiction novel	1966-01-01	-98.5795	39.828175
Q1142887	In Cold Blood	Point(-98.5795 39.828175)	United States	true crime	1966-01-01	-98.5795	39.828175
Q1142887	In Cold Blood	Point(-98.5795 39.828175)	United States	non-fiction	1966-01-01	-98.5795	39.828175
Q5581570	Gone Girl	Point(-98.5795 39.828175)	United States	thriller	2012-01-01	-98.5795	39.828175
Q214132	And Then There Were None	Point(-1.0 53.0)	England	crime fiction	1939-01-01	-1.0	53.0
Q20124	On the Origin of Species	Point(-2.0 54.6)	United Kingdom	scientific literature	1859-11-24	-2.0	54.6
Q20124	On the Origin of Species	Point(-2.0 54.6)	United Kingdom	treatise	1859-11-24	-2.0	54.6
Q44523	Twilight	Point(-98.5795 39.828175)	United States	vampire fiction	2005-01-01	-98.5795	39.828175
Q44523	Twilight	Point(-98.5795 39.828175)	United States	young adult fiction	2005-01-01	-98.5795	39.828175
Q44523	Twilight	Point(-98.5795 39.828175)	United States	romantic fiction	2005-01-01	-98.5795	39.828175
Q2609365	The Thirty-Nine Steps	Point(-2.0 54.6)	United Kingdom	mystery novel	1915-01-01	-2.0	54.6
Q2609365	The Thirty-Nine Steps	Point(-2.0 54.6)	United Kingdom	espionage novel	1915-01-01	-2.0	54.6
Q1137494	King Solomon's Mines	Point(-2.0 54.6)	United Kingdom	lost world fiction	1885-09-30	-2.0	54.6
Q1137494	King Solomon's Mines	Point(-2.0 54.6)	United Kingdom	adventure novel	1885-09-30	-2.0	54.6
Q756715	Sir Gawain and the Green Knight	Point(-1.316666666 52.066666666)	Kingdom of England	chivalric romance		-1.316666666	52.066666666
Q172230	Call the Midwife	Point(-2.0 54.6)	United Kingdom	film based on book		-2.0	54.6
Q172230	Call the Midwife	Point(-2.0 54.6)	United Kingdom	drama television series		-2.0	54.6
Q172230	Call the Midwife	Point(-2.0 54.6)	United Kingdom	historical drama		-2.0	54.6
Q172230	Call the Midwife	Point(-2.0 54.6)	United Kingdom	LGBT-related television series		-2.0	54.6
Q172230	Call the Midwife	Point(-2.0 54.6)	United Kingdom	medical drama		-2.0	54.6
Q372941	Confessions	Point(12.5 41.9)	Roman Empire	autobiography		12.5	41.9
Q189234	Rigoletto	Point(12.5 42.5)	Italy	opera	1850-01-01	12.5	42.5
Q724008	L'Orfeo	Point(10.791111 45.156389)	Duchy of Mantua	favola in musica		10.791111	45.156389
Q1987925	Varney the Vampire	Point(-2.0 54.6)	United Kingdom	Gothic fiction	1847-01-01	-2.0	54.6
Q1987925	Varney the Vampire	Point(-2.0 54.6)	United Kingdom	vampire fiction	1845-01-01	-2.0	54.6
Q1987925	Varney the Vampire	Point(-2.0 54.6)	United Kingdom	Gothic fiction	1845-01-01	-2.0	54.6
Q1987925	Varney the Vampire	Point(-2.0 54.6)	United Kingdom	vampire fiction	1847-01-01	-2.0	54.6
Q22263533	My Brilliant Friend	Point(12.5 42.5)	Italy	bildungsroman	2011-01-01	12.5	42.5
Q243556	The Godfather	Point(-98.5795 39.828175)	United States	crime fiction	1969-03-10	-98.5795	39.828175
Q7767037	The String of Pearls	Point(-0.1275 51.507222222)	United Kingdom of Great Britain and Ireland	fiction	1846-01-01	-0.1275	51.507222222
Q7767037	The String of Pearls	Point(-0.1275 51.507222222)	United Kingdom of Great Britain and Ireland	fiction	1847-01-01	-0.1275	51.507222222
Q1987925	Varney the Vampire	Point(-2.0 54.6)	United Kingdom	Gothic fiction	1847-01-01	-2.0	54.6
Q1987925	Varney the Vampire	Point(-2.0 54.6)	United Kingdom	vampire fiction	1845-01-01	-2.0	54.6
Q1987925	Varney the Vampire	Point(-2.0 54.6)	United Kingdom	Gothic fiction	1845-01-01	-2.0	54.6
Q1987925	Varney the Vampire	Point(-2.0 54.6)	United Kingdom	vampire fiction	1847-01-01	-2.0	54.6
Q6511	Ulysses	Point(-0.1275 51.507222222)	United Kingdom of Great Britain and Ireland	high literature	1922-02-02	-0.1275	51.507222222
Q6511	Ulysses	Point(-98.5795 39.828175)	United States	modernist literature	1922-02-02	-98.5795	39.828175
Q6511	Ulysses	Point(-0.1275 51.507222222)	United Kingdom of Great Britain and Ireland	autobiography	1922-02-02	-0.1275	51.507222222
Q6511	Ulysses	Point(-98.5795 39.828175)	United States	metafiction	1922-02-02	-98.5795	39.828175
Q6511	Ulysses	Point(2.316388888 48.870277777)	French Third Republic	modernist literature	1922-02-02	2.316388888	48.870277777
Q6511	Ulysses	Point(-0.1275 51.507222222)	United Kingdom of Great Britain and Ireland	experimental literature	1922-02-02	-0.1275	51.507222222
Q6511	Ulysses	Point(-0.1275 51.507222222)	United Kingdom of Great Britain and Ireland	serialized fiction	1922-02-02	-0.1275	51.507222222
Q6511	Ulysses	Point(2.316388888 48.870277777)	French Third Republic	metafiction	1922-02-02	2.316388888	48.870277777
Q6511	Ulysses	Point(2.0 47.0)	France	high literature	1922-02-02	2.0	47.0
Q6511	Ulysses	Point(2.0 47.0)	France	autobiography	1922-02-02	2.0	47.0
Q6511	Ulysses	Point(2.0 47.0)	France	experimental literature	1922-02-02	2.0	47.0
Q6511	Ulysses	Point(2.0 47.0)	France	serialized fiction	1922-02-02	2.0	47.0
Q6511	Ulysses	Point(-0.1275 51.507222222)	United Kingdom of Great Britain and Ireland	modernist literature	1922-02-02	-0.1275	51.507222222
Q6511	Ulysses	Point(-98.5795 39.828175)	United States	high literature	1922-02-02	-98.5795	39.828175
Q6511	Ulysses	Point(-0.1275 51.507222222)	United Kingdom of Great Britain and Ireland	metafiction	1922-02-02	-0.1275	51.507222222
Q6511	Ulysses	Point(2.316388888 48.870277777)	French Third Republic	high literature	1922-02-02	2.316388888	48.870277777
Q6511	Ulysses	Point(-98.5795 39.828175)	United States	autobiography	1922-02-02	-98.5795	39.828175
Q6511	Ulysses	Point(-98.5795 39.828175)	United States	experimental literature	1922-02-02	-98.5795	39.828175
Q6511	Ulysses	Point(-98.5795 39.828175)	United States	serialized fiction	1922-02-02	-98.5795	39.828175
Q6511	Ulysses	Point(2.316388888 48.870277777)	French Third Republic	autobiography	1922-02-02	2.316388888	48.870277777
Q6511	Ulysses	Point(2.0 47.0)	France	modernist literature	1922-02-02	2.0	47.0
Q6511	Ulysses	Point(2.0 47.0)	France	metafiction	1922-02-02	2.0	47.0
Q6511	Ulysses	Point(2.316388888 48.870277777)	French Third Republic	experimental literature	1922-02-02	2.316388888	48.870277777
Q6511	Ulysses	Point(2.316388888 48.870277777)	French Third Republic	serialized fiction	1922-02-02	2.316388888	48.870277777
Q135515	The Sound and the Fury	Point(-98.5795 39.828175)	United States	Southern Gothic	1929-01-01	-98.5795	39.828175
Q321423	Law and Order	Point(-98.5795 39.828175)	United States	legal drama		-98.5795	39.828175
Q321423	Law and Order	Point(-98.5795 39.828175)	United States	police procedural		-98.5795	39.828175
Q1247359	Dragnet	Point(-98.5795 39.828175)	United States	police procedural		-98.5795	39.828175
Q459667	The Murders in the Rue Morgue	Point(-98.5795 39.828175)	United States	detective fiction	1841-04-20	-98.5795	39.828175
Q459667	The Murders in the Rue Morgue	Point(-98.5795 39.828175)	United States	locked room mystery	1841-01-01	-98.5795	39.828175
Q459667	The Murders in the Rue Morgue	Point(-98.5795 39.828175)	United States	detective fiction	1841-01-01	-98.5795	39.828175
Q459667	The Murders in the Rue Morgue	Point(-98.5795 39.828175)	United States	locked room mystery	1841-04-20	-98.5795	39.828175
Q23558	House	Point(-98.5795 39.828175)	United States	medical drama		-98.5795	39.828175
Q112241985	Disclaimer	Point(-98.5795 39.828175)	United States	thriller		-98.5795	39.828175
Q112241985	Disclaimer	Point(-2.0 54.6)	United Kingdom	thriller		-2.0	54.6
Q958560	Disgrace	Point(24.0 -29.0)	South Africa	campus novel	1999-07-01	24.0	-29.0
Q7759996	The Redundancy of Courage	Point(-2.0 54.6)	United Kingdom		1991-01-01	-2.0	54.6
Q16733998	Our Sister Killjoy	Point(-1.08 8.03)	Ghana	fiction	1977-01-01	-1.08	8.03
Q2707531	Portnoy's Complaint	Point(-98.5795 39.828175)	United States	black comedy	1969-01-12	-98.5795	39.828175
Q265954	Slaughterhouse Five	Point(-98.5795 39.828175)	United States	black comedy	1969-03-01	-98.5795	39.828175
Q265954	Slaughterhouse Five	Point(-98.5795 39.828175)	United States	metafiction	1969-03-01	-98.5795	39.828175
Q265954	Slaughterhouse Five	Point(-98.5795 39.828175)	United States	anti-war fiction	1969-03-01	-98.5795	39.828175
Q265954	Slaughterhouse Five	Point(-98.5795 39.828175)	United States	science fiction	1969-03-01	-98.5795	39.828175
Q265954	Slaughterhouse Five	Point(-98.5795 39.828175)	United States	satirical fiction	1969-03-01	-98.5795	39.828175
Q265954	Slaughterhouse Five	Point(-98.5795 39.828175)	United States	time-travel fiction	1969-03-01	-98.5795	39.828175
Q265954	Slaughterhouse Five	Point(-98.5795 39.828175)	United States	war fiction	1969-03-01	-98.5795	39.828175
Q622400	Things Fall Apart	Point(-2.0 54.6)	United Kingdom	fiction literature	1958-01-01	-2.0	54.6
Q622400	Things Fall Apart	Point(-2.0 54.6)	United Kingdom	fiction literature	1968-01-01	-2.0	54.6
Q62407	Mother Courage and Her Children	Point(10.0 51.0)	Germany	drama fiction	1949-01-01	10.0	51.0
Q62407	Mother Courage and Her Children	Point(10.0 51.0)	Germany	epic theatre	1949-01-01	10.0	51.0
Q15052495	Passing	Point(-98.5795 39.828175)	United States		1929-04-01	-98.5795	39.828175
Q465360	A Portrait of the Artist as a Young Man	Point(-8.0 53.0)	Ireland	autobiographical novel	1918-01-01	-8.0	53.0
Q465360	A Portrait of the Artist as a Young Man	Point(-8.0 53.0)	Ireland	Künstlerroman	1918-01-01	-8.0	53.0
Q465360	A Portrait of the Artist as a Young Man	Point(-8.0 53.0)	Ireland	bildungsroman	1918-01-01	-8.0	53.0
Q135465	Rashomon	Point(136.0 35.0)	Japan	film based on literature	1951-12-26	136.0	35.0
Q135465	Rashomon	Point(136.0 35.0)	Japan	drama film	1952-04-18	136.0	35.0
Q135465	Rashomon	Point(136.0 35.0)	Japan	crime film	1952-08-04	136.0	35.0
Q135465	Rashomon	Point(136.0 35.0)	Japan	medieval film	1952-08-04	136.0	35.0
Q135465	Rashomon	Point(136.0 35.0)	Japan	drama film	1952-08-04	136.0	35.0
Q135465	Rashomon	Point(136.0 35.0)	Japan	samurai cinema	1952-04-18	136.0	35.0
Q135465	Rashomon	Point(136.0 35.0)	Japan	flashback film	1952-04-18	136.0	35.0
Q135465	Rashomon	Point(136.0 35.0)	Japan	film based on literature	1952-04-18	136.0	35.0
Q135465	Rashomon	Point(136.0 35.0)	Japan	samurai cinema	1952-08-04	136.0	35.0
Q135465	Rashomon	Point(136.0 35.0)	Japan	crime film	1952-04-18	136.0	35.0
Q135465	Rashomon	Point(136.0 35.0)	Japan	medieval film	1952-04-18	136.0	35.0
Q135465	Rashomon	Point(136.0 35.0)	Japan	flashback film	1952-08-04	136.0	35.0
Q135465	Rashomon	Point(136.0 35.0)	Japan	film based on literature	1952-08-04	136.0	35.0
Q135465	Rashomon	Point(136.0 35.0)	Japan	crime film	1950-01-01	136.0	35.0
Q135465	Rashomon	Point(136.0 35.0)	Japan	medieval film	1950-01-01	136.0	35.0
Q135465	Rashomon	Point(136.0 35.0)	Japan	crime film	1951-08-23	136.0	35.0
Q135465	Rashomon	Point(136.0 35.0)	Japan	medieval film	1951-08-23	136.0	35.0
Q135465	Rashomon	Point(136.0 35.0)	Japan	samurai cinema	1950-08-25	136.0	35.0
Q135465	Rashomon	Point(136.0 35.0)	Japan	crime film	1951-12-26	136.0	35.0
Q135465	Rashomon	Point(136.0 35.0)	Japan	medieval film	1951-12-26	136.0	35.0
Q135465	Rashomon	Point(136.0 35.0)	Japan	drama film	1950-01-01	136.0	35.0
Q135465	Rashomon	Point(136.0 35.0)	Japan	drama film	1951-08-23	136.0	35.0
Q135465	Rashomon	Point(136.0 35.0)	Japan	flashback film	1950-08-25	136.0	35.0
Q135465	Rashomon	Point(136.0 35.0)	Japan	film based on literature	1950-08-25	136.0	35.0
Q135465	Rashomon	Point(136.0 35.0)	Japan	drama film	1951-12-26	136.0	35.0
Q135465	Rashomon	Point(136.0 35.0)	Japan	samurai cinema	1950-01-01	136.0	35.0
Q135465	Rashomon	Point(136.0 35.0)	Japan	samurai cinema	1951-08-23	136.0	35.0
Q135465	Rashomon	Point(136.0 35.0)	Japan	crime film	1950-08-25	136.0	35.0
Q135465	Rashomon	Point(136.0 35.0)	Japan	medieval film	1950-08-25	136.0	35.0
Q135465	Rashomon	Point(136.0 35.0)	Japan	samurai cinema	1951-12-26	136.0	35.0
Q135465	Rashomon	Point(136.0 35.0)	Japan	flashback film	1950-01-01	136.0	35.0
Q135465	Rashomon	Point(136.0 35.0)	Japan	flashback film	1951-08-23	136.0	35.0
Q135465	Rashomon	Point(136.0 35.0)	Japan	film based on literature	1950-01-01	136.0	35.0
Q135465	Rashomon	Point(136.0 35.0)	Japan	film based on literature	1951-08-23	136.0	35.0
Q135465	Rashomon	Point(136.0 35.0)	Japan	drama film	1950-08-25	136.0	35.0
Q135465	Rashomon	Point(136.0 35.0)	Japan	flashback film	1951-12-26	136.0	35.0
Q7549373	So Long a Letter	Point(-14.283333 14.366667)	Senegal	epistolary novel	1981-01-01	-14.283333	14.366667
Q993664	The Year of Magical Thinking	Point(-98.5795 39.828175)	United States	memoir	2005-01-01	-98.5795	39.828175
Q501351	The Sun Also Rises	Point(-98.5795 39.828175)	United States		1926-10-22	-98.5795	39.828175
Q41567	Hamlet	Point(-1.0 53.0)	England	tragedy		-1.0	53.0
Q151883	The Sorrows of Young Werther	Point(10.0 51.0)	Germany	epistolary novel	1774-01-01	10.0	51.0
Q151883	The Sorrows of Young Werther	Point(10.0 51.0)	Germany	sentimental novel	1774-01-01	10.0	51.0
Q151883	The Sorrows of Young Werther	Point(10.0 51.0)	Germany	diary literature	1774-01-01	10.0	51.0
Q41567	Hamlet	Point(-1.0 53.0)	England	tragedy		-1.0	53.0
Q41567	Hamlet	Point(-1.0 53.0)	England	tragedy		-1.0	53.0
Q223880	Emma	Point(-2.0 54.6)	United Kingdom	romantic fiction	1815-12-23	-2.0	54.6
Q438406	Grey's Anatomy	Point(-98.5795 39.828175)	United States	medical drama		-98.5795	39.828175
Q45875	A Song of Ice and Fire	Point(-98.5795 39.828175)	United States	high fantasy	1996-01-01	-98.5795	39.828175
Q45875	A Song of Ice and Fire	Point(-98.5795 39.828175)	United States	fantasy	1996-01-01	-98.5795	39.828175
Q128518	Gladiator	Point(-2.0 54.6)	United Kingdom	melodrama	2000-01-01	-2.0	54.6
Q128518	Gladiator	Point(-98.5795 39.828175)	United States	action film	2000-01-01	-98.5795	39.828175
Q128518	Gladiator	Point(-98.5795 39.828175)	United States	epic film	2000-01-01	-98.5795	39.828175
Q128518	Gladiator	Point(-2.0 54.6)	United Kingdom	action film	2000-01-01	-2.0	54.6
Q128518	Gladiator	Point(-98.5795 39.828175)	United States	sword-and-sandal film	2000-01-01	-98.5795	39.828175
Q128518	Gladiator	Point(-98.5795 39.828175)	United States	adventure film	2000-01-01	-98.5795	39.828175
Q128518	Gladiator	Point(-2.0 54.6)	United Kingdom	epic film	2000-01-01	-2.0	54.6
Q128518	Gladiator	Point(-2.0 54.6)	United Kingdom	sword-and-sandal film	2000-01-01	-2.0	54.6
Q128518	Gladiator	Point(-2.0 54.6)	United Kingdom	adventure film	2000-01-01	-2.0	54.6
Q128518	Gladiator	Point(-98.5795 39.828175)	United States	historical film	2000-01-01	-98.5795	39.828175
Q128518	Gladiator	Point(-98.5795 39.828175)	United States	drama film	2000-01-01	-98.5795	39.828175
Q128518	Gladiator	Point(-2.0 54.6)	United Kingdom	drama film	2000-01-01	-2.0	54.6
Q128518	Gladiator	Point(-98.5795 39.828175)	United States	melodrama	2000-01-01	-98.5795	39.828175
Q128518	Gladiator	Point(-2.0 54.6)	United Kingdom	drama film	2000-05-19	-2.0	54.6
Q128518	Gladiator	Point(-2.0 54.6)	United Kingdom	historical film	2023-05-19	-2.0	54.6
Q128518	Gladiator	Point(-2.0 54.6)	United Kingdom	drama film	2023-05-19	-2.0	54.6
Q128518	Gladiator	Point(-98.5795 39.828175)	United States	epic film	2000-05-25	-98.5795	39.828175
Q128518	Gladiator	Point(-98.5795 39.828175)	United States	epic film	2000-05-05	-98.5795	39.828175
Q128518	Gladiator	Point(-2.0 54.6)	United Kingdom	action film	2000-05-25	-2.0	54.6
Q128518	Gladiator	Point(-98.5795 39.828175)	United States	sword-and-sandal film	2000-05-25	-98.5795	39.828175
Q128518	Gladiator	Point(-2.0 54.6)	United Kingdom	action film	2000-05-05	-2.0	54.6
Q128518	Gladiator	Point(-98.5795 39.828175)	United States	sword-and-sandal film	2000-05-05	-98.5795	39.828175
Q128518	Gladiator	Point(-98.5795 39.828175)	United States	adventure film	2000-05-25	-98.5795	39.828175
Q128518	Gladiator	Point(-98.5795 39.828175)	United States	adventure film	2000-05-05	-98.5795	39.828175
Q128518	Gladiator	Point(-98.5795 39.828175)	United States	melodrama	2000-05-19	-98.5795	39.828175
Q128518	Gladiator	Point(-2.0 54.6)	United Kingdom	epic film	2000-05-25	-2.0	54.6
Q128518	Gladiator	Point(-2.0 54.6)	United Kingdom	epic film	2000-05-05	-2.0	54.6
Q128518	Gladiator	Point(-2.0 54.6)	United Kingdom	sword-and-sandal film	2000-05-25	-2.0	54.6
Q128518	Gladiator	Point(-98.5795 39.828175)	United States	melodrama	2023-05-19	-98.5795	39.828175
Q128518	Gladiator	Point(-2.0 54.6)	United Kingdom	sword-and-sandal film	2000-05-05	-2.0	54.6
Q128518	Gladiator	Point(-2.0 54.6)	United Kingdom	adventure film	2000-05-25	-2.0	54.6
Q128518	Gladiator	Point(-2.0 54.6)	United Kingdom	adventure film	2000-05-05	-2.0	54.6
Q128518	Gladiator	Point(-2.0 54.6)	United Kingdom	melodrama	2000-05-19	-2.0	54.6
Q128518	Gladiator	Point(-98.5795 39.828175)	United States	action film	2000-05-19	-98.5795	39.828175
Q128518	Gladiator	Point(-2.0 54.6)	United Kingdom	melodrama	2023-05-19	-2.0	54.6
Q128518	Gladiator	Point(-98.5795 39.828175)	United States	action film	2023-05-19	-98.5795	39.828175
Q128518	Gladiator	Point(-98.5795 39.828175)	United States	historical film	2000-05-25	-98.5795	39.828175
Q128518	Gladiator	Point(-98.5795 39.828175)	United States	drama film	2000-05-25	-98.5795	39.828175
Q128518	Gladiator	Point(-98.5795 39.828175)	United States	historical film	2000-05-05	-98.5795	39.828175
Q128518	Gladiator	Point(-98.5795 39.828175)	United States	drama film	2000-05-05	-98.5795	39.828175
Q128518	Gladiator	Point(-98.5795 39.828175)	United States	epic film	2000-05-19	-98.5795	39.828175
Q128518	Gladiator	Point(-2.0 54.6)	United Kingdom	action film	2000-05-19	-2.0	54.6
Q128518	Gladiator	Point(-98.5795 39.828175)	United States	sword-and-sandal film	2000-05-19	-98.5795	39.828175
Q128518	Gladiator	Point(-98.5795 39.828175)	United States	epic film	2023-05-19	-98.5795	39.828175
Q128518	Gladiator	Point(-2.0 54.6)	United Kingdom	action film	2023-05-19	-2.0	54.6
Q128518	Gladiator	Point(-98.5795 39.828175)	United States	sword-and-sandal film	2023-05-19	-98.5795	39.828175
Q128518	Gladiator	Point(-98.5795 39.828175)	United States	adventure film	2000-05-19	-98.5795	39.828175
Q128518	Gladiator	Point(-2.0 54.6)	United Kingdom	historical film	2000-05-25	-2.0	54.6
Q128518	Gladiator	Point(-2.0 54.6)	United Kingdom	drama film	2000-05-25	-2.0	54.6
Q128518	Gladiator	Point(-2.0 54.6)	United Kingdom	historical film	2000-05-05	-2.0	54.6
Q128518	Gladiator	Point(-2.0 54.6)	United Kingdom	drama film	2000-05-05	-2.0	54.6
Q128518	Gladiator	Point(-2.0 54.6)	United Kingdom	epic film	2000-05-19	-2.0	54.6
Q128518	Gladiator	Point(-98.5795 39.828175)	United States	adventure film	2023-05-19	-98.5795	39.828175
Q128518	Gladiator	Point(-2.0 54.6)	United Kingdom	sword-and-sandal film	2000-05-19	-2.0	54.6
Q128518	Gladiator	Point(-2.0 54.6)	United Kingdom	epic film	2023-05-19	-2.0	54.6
Q128518	Gladiator	Point(-2.0 54.6)	United Kingdom	historical film	2000-01-01	-2.0	54.6
Q128518	Gladiator	Point(-2.0 54.6)	United Kingdom	sword-and-sandal film	2023-05-19	-2.0	54.6
Q128518	Gladiator	Point(-2.0 54.6)	United Kingdom	adventure film	2000-05-19	-2.0	54.6
Q128518	Gladiator	Point(-2.0 54.6)	United Kingdom	adventure film	2023-05-19	-2.0	54.6
Q128518	Gladiator	Point(-98.5795 39.828175)	United States	melodrama	2000-05-25	-98.5795	39.828175
Q128518	Gladiator	Point(-98.5795 39.828175)	United States	melodrama	2000-05-05	-98.5795	39.828175
Q128518	Gladiator	Point(-98.5795 39.828175)	United States	historical film	2000-05-19	-98.5795	39.828175
Q128518	Gladiator	Point(-98.5795 39.828175)	United States	drama film	2000-05-19	-98.5795	39.828175
Q128518	Gladiator	Point(-98.5795 39.828175)	United States	historical film	2023-05-19	-98.5795	39.828175
Q128518	Gladiator	Point(-98.5795 39.828175)	United States	drama film	2023-05-19	-98.5795	39.828175
Q128518	Gladiator	Point(-2.0 54.6)	United Kingdom	melodrama	2000-05-25	-2.0	54.6
Q128518	Gladiator	Point(-98.5795 39.828175)	United States	action film	2000-05-25	-98.5795	39.828175
Q128518	Gladiator	Point(-2.0 54.6)	United Kingdom	melodrama	2000-05-05	-2.0	54.6
Q128518	Gladiator	Point(-98.5795 39.828175)	United States	action film	2000-05-05	-98.5795	39.828175
Q128518	Gladiator	Point(-2.0 54.6)	United Kingdom	historical film	2000-05-19	-2.0	54.6
Q1247551	Peyton Place	Point(-98.5795 39.828175)	United States	soap opera		-98.5795	39.828175
Q1247551	Peyton Place	Point(-98.5795 39.828175)	United States	television series based on a novel		-98.5795	39.828175
Q308918	A Tale of Two Cities	Point(-2.0 54.6)	United Kingdom	historical fiction	1859-01-01	-2.0	54.6
Q308918	A Tale of Two Cities	Point(-2.0 54.6)	United Kingdom	social problem fiction	1859-01-01	-2.0	54.6
Q971767	Beloved	Point(-98.5795 39.828175)	United States	magic realist fiction	1987-09-01	-98.5795	39.828175
Q971767	Beloved	Point(-98.5795 39.828175)	United States	historical fiction	1987-09-01	-98.5795	39.828175
Q8275	The Iliad	Point(23.0 38.5)	Ancient Greece	epic poem		23.0	38.5
Q8275	The Iliad	Point(23.0 38.5)	Ancient Greece	epic poem		23.0	38.5
Q727413	Sanskrit Rigveda	Point(83.0 22.8)	India	religious text		83.0	22.8
Q727413	Sanskrit Rigveda	Point(83.0 22.8)	India	religious literature		83.0	22.8
Q645882	Pyramid Texts	Point(31.3 29.8)	Ancient Egypt	ancient Egyptian funerary texts	1894-01-01	31.3	29.8
Q645882	Pyramid Texts	Point(31.3 29.8)	Ancient Egypt	incantation	1894-01-01	31.3	29.8
Q174361	Book of the Dead	Point(31.3 29.8)	Ancient Egypt			31.3	29.8
Q1215018	The Mill on the Floss	Point(-2.0 54.6)	United Kingdom	psychological novel	1860-01-01	-2.0	54.6
Q27538067	The Terror	Point(-98.5795 39.828175)	United States	thriller television series		-98.5795	39.828175
Q27538067	The Terror	Point(-98.5795 39.828175)	United States	anthology series		-98.5795	39.828175
Q27538067	The Terror	Point(-98.5795 39.828175)	United States	horror television series		-98.5795	39.828175
Q27538067	The Terror	Point(-98.5795 39.828175)	United States	drama television series		-98.5795	39.828175
